spec_id,dependency_graph,conceptual_spec_json,transform_spec_json,model_spec_json,tisane_spec_json,annotate_cvar_spec_json,annotate_transform_spec_json
7826aaf8d0fc433c9f1301ef75501783,"{
  ""directed"": true,
  ""multigraph"": false,
  ""graph"": {},
  ""nodes"": [
    {
      ""id"": ""ROOT_SPEC_ID""
    },
    {
      ""id"": ""52fa01b8e8714f3aaecfc2887e007631""
    },
    {
      ""id"": ""fd69e461afb14639bf95b1b5159665cc""
    },
    {
      ""id"": ""b604dc1dbf10442fb83584622a30ffcf""
    },
    {
      ""id"": ""af33fef184794ed6a0033147a50fdff3""
    },
    {
      ""id"": ""00c150cc8e984ebeae974be3cfaa0443""
    },
    {
      ""id"": ""4ef4e24443bc4645bbdc77b7274fefe2""
    },
    {
      ""id"": ""b5f298d9c99d4b34a89c0ac1a20e2522""
    },
    {
      ""id"": ""c622806984684b86921e13600845170d""
    },
    {
      ""id"": ""62ad529d351049e2937d4a0987926cc0""
    },
    {
      ""id"": ""64fa04d4114245e4a8d2cb43d2723c88""
    },
    {
      ""id"": ""d2d730e4c9ae4472a9efb22b48f42c30""
    },
    {
      ""id"": ""36a8eb2bfbf141e9826d790ca38ab732""
    },
    {
      ""id"": ""86bcd8918efe4362a88fb0cdf6b00171""
    },
    {
      ""id"": ""ef4c020234e54b91993f1ce2464edc1e""
    },
    {
      ""id"": ""48b5c81dbf5b4429a7aafadbfdceb4b8""
    },
    {
      ""id"": ""541a1cf9ce334e2caf6662432be836c7""
    },
    {
      ""id"": ""0445f33fb1cc42f69b539e766cff9fa4""
    },
    {
      ""id"": ""f392694385d8459b8ee936634a2e034d""
    },
    {
      ""id"": ""46c4e065dd4248929dc491882358f8f3""
    },
    {
      ""id"": ""425357d688c549619fc2f69e1bacebd3""
    },
    {
      ""id"": ""7012121a763b4dbc9cb3f90a98315b91""
    },
    {
      ""id"": ""bc5b80892bdc4257b0064eab34d56cfe""
    }
  ],
  ""links"": [
    {
      ""source"": ""ROOT_SPEC_ID"",
      ""target"": ""52fa01b8e8714f3aaecfc2887e007631""
    },
    {
      ""source"": ""ROOT_SPEC_ID"",
      ""target"": ""64fa04d4114245e4a8d2cb43d2723c88""
    },
    {
      ""source"": ""ROOT_SPEC_ID"",
      ""target"": ""425357d688c549619fc2f69e1bacebd3""
    },
    {
      ""source"": ""52fa01b8e8714f3aaecfc2887e007631"",
      ""target"": ""4ef4e24443bc4645bbdc77b7274fefe2""
    },
    {
      ""source"": ""52fa01b8e8714f3aaecfc2887e007631"",
      ""target"": ""b5f298d9c99d4b34a89c0ac1a20e2522""
    },
    {
      ""source"": ""52fa01b8e8714f3aaecfc2887e007631"",
      ""target"": ""c622806984684b86921e13600845170d""
    },
    {
      ""source"": ""52fa01b8e8714f3aaecfc2887e007631"",
      ""target"": ""f392694385d8459b8ee936634a2e034d""
    },
    {
      ""source"": ""64fa04d4114245e4a8d2cb43d2723c88"",
      ""target"": ""d2d730e4c9ae4472a9efb22b48f42c30""
    },
    {
      ""source"": ""64fa04d4114245e4a8d2cb43d2723c88"",
      ""target"": ""36a8eb2bfbf141e9826d790ca38ab732""
    },
    {
      ""source"": ""64fa04d4114245e4a8d2cb43d2723c88"",
      ""target"": ""46c4e065dd4248929dc491882358f8f3""
    },
    {
      ""source"": ""64fa04d4114245e4a8d2cb43d2723c88"",
      ""target"": ""f392694385d8459b8ee936634a2e034d""
    }
  ]
}",,,,,,
ROOT_SPEC_ID,,,"{""spec_name"": ""ROOT""}",,,,
e0283274743d4005a08a9ef0faf401ea,,"{""time_stamp"": ""06-12-2024 at 08:59:38 PM"", ""tags"": [], ""read_only_tags"": [], ""is_negative"": false, ""variable_type"": ""IV"", ""concept"": ""camper indicator"", ""final_columns_derived_spec_ids"": [], ""final_columns_orig"": [""\ud83d\udfe8 camper""], ""final_columns_derived"": [], ""final_columns_leaf_spec_ids"": [], ""column_rationales"": {""\ud83d\udfe8 camper"": ""already an indicator for whether there is a camper in the group""}, ""interaction"": false, ""rationale"": """", ""on"": """", ""random_effect"": false, ""annotator"": null}",,,,,
406020acab05496ca1d53002fbd81626,,"{""time_stamp"": ""06-12-2024 at 08:59:59 PM"", ""tags"": [], ""read_only_tags"": [], ""is_negative"": false, ""variable_type"": ""IV"", ""concept"": ""use of livebait indicator"", ""final_columns_derived_spec_ids"": [], ""final_columns_orig"": [""\ud83d\udfe8 livebait""], ""final_columns_derived"": [], ""final_columns_leaf_spec_ids"": [], ""column_rationales"": {""\ud83d\udfe8 livebait"": ""Already a binary variable indicate whether or not live bait is used""}, ""interaction"": false, ""rationale"": ""Using livebait increases the chance of catching fish"", ""on"": """", ""random_effect"": false, ""annotator"": null}",,,,,
68293c5ccd094641bfda2c521112315e,,"{""time_stamp"": ""06-12-2024 at 01:17:50 AM"", ""tags"": [], ""read_only_tags"": [], ""is_negative"": false, ""variable_type"": ""IV"", ""concept"": ""number of adults"", ""final_columns_derived_spec_ids"": [""62ad529d351049e2937d4a0987926cc0"", ""64fa04d4114245e4a8d2cb43d2723c88"", ""46c4e065dd4248929dc491882358f8f3"", ""ROOT_SPEC_ID""], ""final_columns_orig"": [""\ud83d\udfe8 persons""], ""final_columns_derived"": [""\ud83d\udfe9 group_size"", ""\ud83d\udfe9 party_size_smaller_than_2"", ""\ud83d\udfe9 adults_ratio""], ""final_columns_leaf_spec_ids"": [""64fa04d4114245e4a8d2cb43d2723c88"", ""62ad529d351049e2937d4a0987926cc0"", ""46c4e065dd4248929dc491882358f8f3""], ""column_rationales"": {""\ud83d\udfe8 persons"": ""persons represent number of adults in the group"", ""\ud83d\udfe9 party_size_smaller_than_2"": ""binary variable for number of adults"", ""\ud83d\udfe9 group_size"": ""the group size which includes adults and children"", ""\ud83d\udfe9 adults_ratio"": ""adults divided by total people"", ""\ud83d\udfe9 more_adults_than_children"": ""whether there is more adults than children""}, ""interaction"": false, ""rationale"": """", ""on"": """", ""random_effect"": false, ""annotator"": null}",,,,,
7a79038d30c540b380bf3fe01680a0d9,,"{""time_stamp"": ""06-12-2024 at 01:19:34 AM"", ""tags"": [], ""read_only_tags"": [], ""is_negative"": false, ""variable_type"": ""IV"", ""concept"": ""number of children"", ""final_columns_derived_spec_ids"": [""ROOT_SPEC_ID"", ""64fa04d4114245e4a8d2cb43d2723c88"", ""425357d688c549619fc2f69e1bacebd3"", ""36a8eb2bfbf141e9826d790ca38ab732"", ""00c150cc8e984ebeae974be3cfaa0443""], ""final_columns_orig"": [""\ud83d\udfe8 child""], ""final_columns_derived"": [""\ud83d\udfe9 child_proportion"", ""\ud83d\udfe9 have_children"", ""\ud83d\udfe9 more_adults_than_children""], ""final_columns_leaf_spec_ids"": [""36a8eb2bfbf141e9826d790ca38ab732"", ""00c150cc8e984ebeae974be3cfaa0443"", ""425357d688c549619fc2f69e1bacebd3""], ""column_rationales"": {""\ud83d\udfe8 child"": ""the number of children in a group "", ""\ud83d\udfe9 child_proportion"": ""the proportion of children in the group"", ""\ud83d\udfe9 have_children"": ""binary variable for whether this group has children"", ""\ud83d\udfe9 more_adults_than_children"": ""whether there are more adults or more children in the group""}, ""interaction"": false, ""rationale"": """", ""on"": """", ""random_effect"": false, ""annotator"": null}",,,,,
c0dd4b1f75404867bd8f23a65efd5bae,,"{""time_stamp"": ""06-12-2024 at 01:16:30 AM"", ""tags"": [], ""read_only_tags"": [], ""is_negative"": false, ""variable_type"": ""DV"", ""concept"": ""number of fish caught per hour"", ""final_columns_derived_spec_ids"": [""d2d730e4c9ae4472a9efb22b48f42c30"", ""ROOT_SPEC_ID"", ""f392694385d8459b8ee936634a2e034d"", ""c622806984684b86921e13600845170d"", ""52fa01b8e8714f3aaecfc2887e007631"", ""64fa04d4114245e4a8d2cb43d2723c88""], ""final_columns_orig"": [""\ud83d\udfe8 fish_caught""], ""final_columns_derived"": [""\ud83d\udfe9 fish_caught_per_hour"", ""\ud83d\udfe9 fish_caught_per_hour_per_person"", ""\ud83d\udfe9 log_fish_per_hour"", ""\ud83d\udfe9 fish_caught_per_hour_per_total_people""], ""final_columns_leaf_spec_ids"": [""52fa01b8e8714f3aaecfc2887e007631"", ""d2d730e4c9ae4472a9efb22b48f42c30"", ""c622806984684b86921e13600845170d"", ""f392694385d8459b8ee936634a2e034d""], ""column_rationales"": {""\ud83d\udfe9 fish_caught_per_hour"": ""number of fish caught per hour"", ""\ud83d\udfe9 fish_caught_per_hour_per_person"": ""number of fish caught per hour per person"", ""\ud83d\udfe9 log_fish_per_hour"": ""log fish rate"", ""\ud83d\udfe8 fish_caught"": ""original count variable for fish caught"", ""\ud83d\udfe9 fish_caught_per_hour_per_total_people"": ""number of fish caught per hour per total people""}, ""interaction"": false, ""rationale"": """", ""on"": """", ""random_effect"": false, ""annotator"": null}",,,,,
52fa01b8e8714f3aaecfc2887e007631,,,"{""time_stamp"": ""06-11-2024 at 05:07:38 PM"", ""tags"": [], ""read_only_tags"": [], ""is_negative"": false, ""specification"": ""divide the fish caught by hours"", ""spec_name"": ""fish_per_hour"", ""trans_verb"": [""derive""], ""code"": ""df['fish_caught_per_hour'] = df['fish_caught'] /df['hours']"", ""rationale"": ""we are interested in the fishing success rate so should be normalized by time"", ""conditions"": """", ""input_cols_to_output_col_mapping"": [[[""hours"", ""fish_caught""], ""fish_caught_per_hour""]], ""branches"": [{""dependencies"": [""ROOT_SPEC_ID""], ""condition"": """"}], ""annotator"": null}",,,,
915659e2b25841699a9478310910c50c,,"{""tags"": [], ""read_only_tags"": [], ""is_negative"": false, ""variable_type"": ""Control"", ""concept"": ""hours of fishing"", ""final_columns_derived_spec_ids"": [], ""final_columns_orig"": [""\ud83d\udfe8 hours""], ""final_columns_derived"": [], ""final_columns_leaf_spec_ids"": [], ""column_rationales"": {""\ud83d\udfe8 hours"": ""the hours spent on fishing""}, ""interaction"": false, ""rationale"": ""Even though we use hours to calculate the dependent variable, it might also need to be controlled for directly in the analysis to account for its potential effect on fish_caught independently of its role in the ratio."", ""on"": """", ""random_effect"": false}",,,,,
fd69e461afb14639bf95b1b5159665cc,,,,"{""time_stamp"": ""06-12-2024 at 07:43:15 PM"", ""tags"": [], ""read_only_tags"": [], ""is_negative"": false, ""specification"": ""Linear Regression"", ""spec_name"": ""linear_regression"", ""rationale"": ""This is a simple baseline model to understand the linear relationships between the number of fish caught and the predictor variables"", ""dependencies"": [], ""code"": ""X = df[['livebait', 'camper', 'persons', 'child', 'hours']]\nX = sm.add_constant(X)\n\ny = df['fish_caught_per_hour']\n\nmodel = sm.OLS(y, X).fit()\n"", ""associated_columns_derived_spec_ids"": [""52fa01b8e8714f3aaecfc2887e007631"", ""ROOT_SPEC_ID""], ""associated_columns_orig"": [""\ud83d\udfe8 camper"", ""\ud83d\udfe8 child"", ""\ud83d\udfe8 hours"", ""\ud83d\udfe8 livebait"", ""\ud83d\udfe8 persons""], ""associated_columns_derived"": [""\ud83d\udfe9 fish_caught_per_hour""], ""associated_columns_leaf_spec_ids"": [""52fa01b8e8714f3aaecfc2887e007631""], ""associated_specified_spec_ids"": [], ""annotator"": null}",,,
b604dc1dbf10442fb83584622a30ffcf,,,,"{""time_stamp"": ""06-12-2024 at 11:03:23 AM"", ""tags"": [], ""read_only_tags"": [], ""is_negative"": false, ""specification"": ""Poisson Regression"", ""spec_name"": ""poisson_regression"", ""rationale"": ""Poisson regression is suitable for modeling count data, which is appropriate for the number of fish caught. It assumes the dependent variable follows a poisson regression and number of fish caught meets that assumption."", ""dependencies"": [], ""code"": ""df['fish_caught_per_hour'] = df['fish_caught'] / df['hours']\nmodel = smf.poisson('fish_caught ~ livebait + camper + persons + child + hours', data=df).fit()"", ""associated_columns_derived_spec_ids"": [""ROOT_SPEC_ID"", ""52fa01b8e8714f3aaecfc2887e007631""], ""associated_columns_orig"": [""\ud83d\udfe8 camper"", ""\ud83d\udfe8 child"", ""\ud83d\udfe8 hours"", ""\ud83d\udfe8 livebait"", ""\ud83d\udfe8 persons""], ""associated_columns_derived"": [""\ud83d\udfe9 fish_caught_per_hour""], ""associated_columns_leaf_spec_ids"": [""52fa01b8e8714f3aaecfc2887e007631""], ""associated_specified_spec_ids"": [], ""annotator"": null}",,,
af33fef184794ed6a0033147a50fdff3,,,,"{""time_stamp"": ""06-12-2024 at 11:03:05 AM"", ""tags"": [], ""read_only_tags"": [], ""is_negative"": false, ""specification"": ""General Additive Model"", ""spec_name"": ""general_additive_model"", ""rationale"": ""To flexibly capture nonlinear relationships between the number of fish caught and predictor variables like hours, live bait use, and group composition."", ""dependencies"": [], ""code"": ""from pygam import LinearGAM, s, f\nX = df[['livebait', 'camper', 'persons', 'child', 'hours']]\ny = df['fish_caught'] / df['hours']\nmodel = LinearGAM(s(0) + s(1) + s(2) + s(3) + s(4)).fit(X, y)"", ""associated_columns_derived_spec_ids"": [""ROOT_SPEC_ID"", ""52fa01b8e8714f3aaecfc2887e007631""], ""associated_columns_orig"": [""\ud83d\udfe8 camper"", ""\ud83d\udfe8 child"", ""\ud83d\udfe8 hours"", ""\ud83d\udfe8 livebait"", ""\ud83d\udfe8 persons""], ""associated_columns_derived"": [""\ud83d\udfe9 fish_caught_per_hour""], ""associated_columns_leaf_spec_ids"": [""52fa01b8e8714f3aaecfc2887e007631""], ""associated_specified_spec_ids"": [], ""annotator"": null}",,,
efeead9671a540abab603ac8f0188e0e,,,,,,"{""time_stamp"": ""06-06-2024 at 04:37:22 PM"", ""annotator_labeled"": false, ""annotator_label"": null, ""annotator_explanation"": """", ""annotator_is_rationale_reasonable"": ""Yes"", ""rationale"": ""The ratio of adults to children in the group could potentially influence the number of fish caught as adults and children may have different skill levels and attention spans, which can affect the fishing success rate."", ""annotator"": null, ""variable_type"": ""Control"", ""concept"": ""Ratio of adults to children"", ""columns"": [""persons"", ""child""], ""interaction"": true, ""on"": ""Number of persons in the group"", ""can_derive_from_data"": ""Yes"", ""is_reasonable"": ""Yes"", ""associated_cv_spec_id"": null}",
198621f330c64191ad6756de6f1a3fd4,,,,,,"{""time_stamp"": ""06-06-2024 at 04:37:22 PM"", ""annotator_labeled"": false, ""annotator_label"": null, ""annotator_explanation"": """", ""annotator_is_rationale_reasonable"": ""Yes"", ""rationale"": ""having a camper may increase the number of fish caught"", ""annotator"": null, ""variable_type"": ""Control"", ""concept"": ""Whether or not group has a camper"", ""columns"": [""camper""], ""interaction"": false, ""on"": """", ""can_derive_from_data"": ""Yes"", ""is_reasonable"": ""Yes"", ""associated_cv_spec_id"": ""3ffc3c7ed43a46918e4d270be2e7811a""}",
c77a15ee80bf4186a49542d02c1dfa9e,,,,,,"{""time_stamp"": ""06-06-2024 at 04:37:22 PM"", ""annotator_labeled"": false, ""annotator_label"": null, ""annotator_explanation"": """", ""annotator_is_rationale_reasonable"": ""Yes"", ""rationale"": ""The larger the group, the more fish per hours"", ""annotator"": null, ""variable_type"": ""Control"", ""concept"": ""Number of adults in group"", ""columns"": [""persons""], ""interaction"": false, ""on"": """", ""can_derive_from_data"": ""Yes"", ""is_reasonable"": ""Yes"", ""associated_cv_spec_id"": ""03b7c727b0e443aeb5902f2b0143b21a""}",
1bd26bfe512b47edab0fe0f2923cdc3a,,,,,,"{""time_stamp"": ""06-06-2024 at 04:37:22 PM"", ""annotator_labeled"": false, ""annotator_label"": null, ""annotator_explanation"": ""I don't think time spent fishing would be the only independent variable. The number of adults/children, camper, are all important variables"", ""annotator_is_rationale_reasonable"": ""Unsure"", ""rationale"": ""We want to estimate the number of fish per hours. The relationship might not be with only taking a ratio fish / hours."", ""annotator"": null, ""variable_type"": ""IV"", ""concept"": ""Time spent fishing"", ""columns"": [""hours""], ""interaction"": false, ""on"": """", ""can_derive_from_data"": ""Yes"", ""is_reasonable"": ""No"", ""associated_cv_spec_id"": ""74ac747f3b54428ab3265ba5048b3bc2""}",
6c30e0f60a1f4a58b96eb97b34f3b010,,,,,,,"{""time_stamp"": ""06-06-2024 at 04:55:27 PM"", ""annotator_labeled"": false, ""annotator_label"": null, ""annotator_explanation"": """", ""annotator_is_rationale_reasonable"": ""Yes"", ""rationale"": ""The conceptual variable of interest here is the rate of fish caught per hour. The existing transformations have used the 'fish_caught' and 'hours' columns to derive this rate. Some transformations have also applied outlier detection and log transformations. \n\nAn alternative transformation could be to consider the size of the group (number of adults and children) as well. The assumption here is that a larger group might catch more fish per hour. We can create a new column 'group_size' as the sum of 'persons' and 'child', and then calculate the rate of fish caught per hour per person."", ""annotator"": null, ""code"": ""df['group_size'] = df['persons'] + df['child']\ndf['fish_caught_per_hour_per_person'] = df['fish_caught'] / (df['hours'] *\n    df['group_size'])\n"", ""output_col"": ""fish_caught_per_hour_per_person"", ""associated_cvar_spec_id"": ""058937fbec1f49c4ad57d64ae3212d7a"", ""associated_cvar_spec"": {""time_stamp"": null, ""tags"": [], ""read_only_tags"": [], ""is_negative"": false, ""variable_type"": ""DV"", ""concept"": ""Rate of fish caught"", ""final_columns_derived_spec_ids"": [""c9145def71a04d54916b09c8663a7365"", ""2506dec00f4341078b399b1262615090"", ""ROOT_SPEC_ID"", ""5396c443c977404e81b5f9045b765e6e"", ""52fa01b8e8714f3aaecfc2887e007631"", ""ROOT_SPEC_ID"", ""ROOT_SPEC_ID"", ""eb79110c0f4a470b9fe2f76ead2d034e"", ""92ed98c7d89f47d193340119c3c7294b""], ""final_columns_orig"": [""\ud83d\udfe8 fish_caught""], ""final_columns_derived"": [""\ud83d\udfe9 fish_caught_per_hour"", ""\ud83d\udfe9 fish_caught_per_hour"", ""\ud83d\udfe9 fish_per_hour"", ""\ud83d\udfe9 log_fish_per_hour""], ""final_columns_leaf_spec_ids"": [""5396c443c977404e81b5f9045b765e6e"", ""52fa01b8e8714f3aaecfc2887e007631"", ""92ed98c7d89f47d193340119c3c7294b"", ""eb79110c0f4a470b9fe2f76ead2d034e""], ""column_rationales"": {}, ""interaction"": false, ""rationale"": """", ""on"": """", ""random_effect"": false, ""annotator"": null}, ""is_suited_to_cv"": ""Yes"", ""is_steps_reasonable"": ""Yes"", ""associated_tspec_ids"": [], ""state_col_val_hash"": null}"
5772cfd0ae044c5e82210fa5dde9a2c0,,,,,,,"{""time_stamp"": ""06-06-2024 at 04:55:27 PM"", ""annotator_labeled"": false, ""annotator_label"": null, ""annotator_explanation"": """", ""annotator_is_rationale_reasonable"": ""Yes"", ""rationale"": ""The existing transformations have considered the rate of fish caught per hour by directly dividing the number of fish caught by the hours spent in the park. Some transformations also considered removing outliers before calculating the rate. Another transformation considered the rate of fish caught per hour per person in the group. \nAn alternative transformation could be to consider the effect of using live bait on the rate of fish caught per hour. We can create a new column that calculates the rate of fish caught per hour, but only for the instances where live bait was used."", ""annotator"": null, ""code"": ""df_livebait = df[df['livebait'] == 1]\ndf_livebait['fish_caught_per_hour_livebait'] = df_livebait['fish_caught'\n    ] / df_livebait['hours']\n"", ""output_col"": ""fish_caught_per_hour_livebait"", ""associated_cvar_spec_id"": ""058937fbec1f49c4ad57d64ae3212d7a"", ""associated_cvar_spec"": {""time_stamp"": null, ""tags"": [], ""read_only_tags"": [], ""is_negative"": false, ""variable_type"": ""DV"", ""concept"": ""Rate of fish caught"", ""final_columns_derived_spec_ids"": [""c9145def71a04d54916b09c8663a7365"", ""2506dec00f4341078b399b1262615090"", ""ROOT_SPEC_ID"", ""5396c443c977404e81b5f9045b765e6e"", ""52fa01b8e8714f3aaecfc2887e007631"", ""ROOT_SPEC_ID"", ""ROOT_SPEC_ID"", ""eb79110c0f4a470b9fe2f76ead2d034e"", ""92ed98c7d89f47d193340119c3c7294b""], ""final_columns_orig"": [""\ud83d\udfe8 fish_caught""], ""final_columns_derived"": [""\ud83d\udfe9 fish_caught_per_hour"", ""\ud83d\udfe9 fish_caught_per_hour"", ""\ud83d\udfe9 fish_per_hour"", ""\ud83d\udfe9 log_fish_per_hour""], ""final_columns_leaf_spec_ids"": [""5396c443c977404e81b5f9045b765e6e"", ""52fa01b8e8714f3aaecfc2887e007631"", ""92ed98c7d89f47d193340119c3c7294b"", ""eb79110c0f4a470b9fe2f76ead2d034e""], ""column_rationales"": {}, ""interaction"": false, ""rationale"": """", ""on"": """", ""random_effect"": false, ""annotator"": null}, ""is_suited_to_cv"": ""Yes"", ""is_steps_reasonable"": ""Yes"", ""associated_tspec_ids"": [], ""state_col_val_hash"": null}"
c69d97b5842542a7b1ec60bbdf12d350,,,,,,,"{""time_stamp"": ""06-06-2024 at 04:55:27 PM"", ""annotator_labeled"": false, ""annotator_label"": null, ""annotator_explanation"": ""Not sure why subsetting the data to only camper ==1"", ""annotator_is_rationale_reasonable"": ""Unsure"", ""rationale"": ""The existing transformations consider the rate of fish caught per hour, with some considering the group size, whether live bait was used, and even handling outliers. However, none of the existing transformations consider the influence of having a camper, which could potentially impact the fishing rate as it might imply a longer stay in the park. Therefore, an alternative transformation could be to calculate the rate of fish caught per hour for groups with a camper."", ""annotator"": null, ""code"": ""df_camper = df[df['camper'] == 1]\ndf_camper['fish_caught_per_hour_camper'] = df_camper['fish_caught'\n    ] / df_camper['hours']\n"", ""output_col"": ""fish_caught_per_hour_camper"", ""associated_cvar_spec_id"": ""058937fbec1f49c4ad57d64ae3212d7a"", ""associated_cvar_spec"": {""time_stamp"": null, ""tags"": [], ""read_only_tags"": [], ""is_negative"": false, ""variable_type"": ""DV"", ""concept"": ""Rate of fish caught"", ""final_columns_derived_spec_ids"": [""c9145def71a04d54916b09c8663a7365"", ""2506dec00f4341078b399b1262615090"", ""ROOT_SPEC_ID"", ""5396c443c977404e81b5f9045b765e6e"", ""52fa01b8e8714f3aaecfc2887e007631"", ""ROOT_SPEC_ID"", ""ROOT_SPEC_ID"", ""eb79110c0f4a470b9fe2f76ead2d034e"", ""92ed98c7d89f47d193340119c3c7294b""], ""final_columns_orig"": [""\ud83d\udfe8 fish_caught""], ""final_columns_derived"": [""\ud83d\udfe9 fish_caught_per_hour"", ""\ud83d\udfe9 fish_caught_per_hour"", ""\ud83d\udfe9 fish_per_hour"", ""\ud83d\udfe9 log_fish_per_hour""], ""final_columns_leaf_spec_ids"": [""5396c443c977404e81b5f9045b765e6e"", ""52fa01b8e8714f3aaecfc2887e007631"", ""92ed98c7d89f47d193340119c3c7294b"", ""eb79110c0f4a470b9fe2f76ead2d034e""], ""column_rationales"": {}, ""interaction"": false, ""rationale"": """", ""on"": """", ""random_effect"": false, ""annotator"": null}, ""is_suited_to_cv"": ""Unsure"", ""is_steps_reasonable"": ""Yes"", ""associated_tspec_ids"": [], ""state_col_val_hash"": null}"
3c39d43433d249578926563964446440,,,,,,,"{""time_stamp"": ""06-06-2024 at 04:55:27 PM"", ""annotator_labeled"": false, ""annotator_label"": null, ""annotator_explanation"": """", ""annotator_is_rationale_reasonable"": ""Yes"", ""rationale"": ""We want to operationalize \""Rate of fish caught\"" based on the available data. The currently specified transformations consider the number of fish caught per hour, the number of fish caught per hour per person, the number of fish caught per hour when using live bait, and the number of fish caught per hour when using a camper. Another way to consider calculating the rate of fish caught could be based on the number of fish caught per hour when there are children in the group."", ""annotator"": null, ""code"": ""df_children = df[df['child'] > 0]\ndf_children['fish_caught_per_hour_children'] = df_children['fish_caught'\n    ] / df_children['hours']\n"", ""output_col"": ""fish_caught_per_hour_children"", ""associated_cvar_spec_id"": ""058937fbec1f49c4ad57d64ae3212d7a"", ""associated_cvar_spec"": {""time_stamp"": null, ""tags"": [], ""read_only_tags"": [], ""is_negative"": false, ""variable_type"": ""DV"", ""concept"": ""Rate of fish caught"", ""final_columns_derived_spec_ids"": [""c9145def71a04d54916b09c8663a7365"", ""2506dec00f4341078b399b1262615090"", ""ROOT_SPEC_ID"", ""5396c443c977404e81b5f9045b765e6e"", ""52fa01b8e8714f3aaecfc2887e007631"", ""ROOT_SPEC_ID"", ""ROOT_SPEC_ID"", ""eb79110c0f4a470b9fe2f76ead2d034e"", ""92ed98c7d89f47d193340119c3c7294b""], ""final_columns_orig"": [""\ud83d\udfe8 fish_caught""], ""final_columns_derived"": [""\ud83d\udfe9 fish_caught_per_hour"", ""\ud83d\udfe9 fish_caught_per_hour"", ""\ud83d\udfe9 fish_per_hour"", ""\ud83d\udfe9 log_fish_per_hour""], ""final_columns_leaf_spec_ids"": [""5396c443c977404e81b5f9045b765e6e"", ""52fa01b8e8714f3aaecfc2887e007631"", ""92ed98c7d89f47d193340119c3c7294b"", ""eb79110c0f4a470b9fe2f76ead2d034e""], ""column_rationales"": {}, ""interaction"": false, ""rationale"": """", ""on"": """", ""random_effect"": false, ""annotator"": null}, ""is_suited_to_cv"": ""Yes"", ""is_steps_reasonable"": ""Yes"", ""associated_tspec_ids"": [], ""state_col_val_hash"": null}"
d95eeeac5eb244fe9d580a2eda49cece,,,,,,,"{""time_stamp"": ""06-06-2024 at 04:55:27 PM"", ""annotator_labeled"": false, ""annotator_label"": null, ""annotator_explanation"": """", ""annotator_is_rationale_reasonable"": ""Yes"", ""rationale"": ""The existing transformations already provide a variety of ways to operationalize the rate of fish caught, including per hour, per person, with live bait, with a camper, and with children. However, one aspect that hasn't been considered is the effect of group size on the rate of fish caught. It could be interesting to see how the rate changes with the number of people (both adults and children) in the group."", ""annotator"": null, ""code"": ""df['total_people'] = df['persons'] + df['child']\ndf['fish_caught_per_hour_per_total_people'] = df['fish_caught'] / (df[\n    'hours'] * df['total_people'])\n"", ""output_col"": ""fish_caught_per_hour_per_total_people"", ""associated_cvar_spec_id"": ""058937fbec1f49c4ad57d64ae3212d7a"", ""associated_cvar_spec"": {""time_stamp"": null, ""tags"": [], ""read_only_tags"": [], ""is_negative"": false, ""variable_type"": ""DV"", ""concept"": ""Rate of fish caught"", ""final_columns_derived_spec_ids"": [""c9145def71a04d54916b09c8663a7365"", ""2506dec00f4341078b399b1262615090"", ""ROOT_SPEC_ID"", ""5396c443c977404e81b5f9045b765e6e"", ""52fa01b8e8714f3aaecfc2887e007631"", ""ROOT_SPEC_ID"", ""ROOT_SPEC_ID"", ""eb79110c0f4a470b9fe2f76ead2d034e"", ""92ed98c7d89f47d193340119c3c7294b""], ""final_columns_orig"": [""\ud83d\udfe8 fish_caught""], ""final_columns_derived"": [""\ud83d\udfe9 fish_caught_per_hour"", ""\ud83d\udfe9 fish_caught_per_hour"", ""\ud83d\udfe9 fish_per_hour"", ""\ud83d\udfe9 log_fish_per_hour""], ""final_columns_leaf_spec_ids"": [""5396c443c977404e81b5f9045b765e6e"", ""52fa01b8e8714f3aaecfc2887e007631"", ""92ed98c7d89f47d193340119c3c7294b"", ""eb79110c0f4a470b9fe2f76ead2d034e""], ""column_rationales"": {}, ""interaction"": false, ""rationale"": """", ""on"": """", ""random_effect"": false, ""annotator"": null}, ""is_suited_to_cv"": ""Yes"", ""is_steps_reasonable"": ""Yes"", ""associated_tspec_ids"": [], ""state_col_val_hash"": null}"
06a4b55f0ba74d8c990890d5543f1522,,,,,,,"{""time_stamp"": ""06-06-2024 at 04:55:27 PM"", ""annotator_labeled"": false, ""annotator_label"": null, ""annotator_explanation"": """", ""annotator_is_rationale_reasonable"": ""Yes"", ""rationale"": ""We want to operationalize the rate of fish caught per hour based on the available data. The currently specified transforms consider the number of fish caught and the hours spent in the park. Another way to consider calculating the rate of fish caught per hour could be to consider the impact of using live bait and having a camper on the rate of fish caught per hour. We can create a new column that calculates the rate of fish caught per hour for groups that used live bait and had a camper."", ""annotator"": null, ""code"": ""df_livebait_camper = df[(df['livebait'] == 1) & (df['camper'] == 1)]\ndf_livebait_camper['fish_caught_per_hour_livebait_camper'\n    ] = df_livebait_camper['fish_caught'] / df_livebait_camper['hours']\n"", ""output_col"": ""fish_caught_per_hour_livebait_camper"", ""associated_cvar_spec_id"": ""058937fbec1f49c4ad57d64ae3212d7a"", ""associated_cvar_spec"": {""time_stamp"": null, ""tags"": [], ""read_only_tags"": [], ""is_negative"": false, ""variable_type"": ""DV"", ""concept"": ""Rate of fish caught"", ""final_columns_derived_spec_ids"": [""c9145def71a04d54916b09c8663a7365"", ""2506dec00f4341078b399b1262615090"", ""ROOT_SPEC_ID"", ""5396c443c977404e81b5f9045b765e6e"", ""52fa01b8e8714f3aaecfc2887e007631"", ""ROOT_SPEC_ID"", ""ROOT_SPEC_ID"", ""eb79110c0f4a470b9fe2f76ead2d034e"", ""92ed98c7d89f47d193340119c3c7294b""], ""final_columns_orig"": [""\ud83d\udfe8 fish_caught""], ""final_columns_derived"": [""\ud83d\udfe9 fish_caught_per_hour"", ""\ud83d\udfe9 fish_caught_per_hour"", ""\ud83d\udfe9 fish_per_hour"", ""\ud83d\udfe9 log_fish_per_hour""], ""final_columns_leaf_spec_ids"": [""5396c443c977404e81b5f9045b765e6e"", ""52fa01b8e8714f3aaecfc2887e007631"", ""92ed98c7d89f47d193340119c3c7294b"", ""eb79110c0f4a470b9fe2f76ead2d034e""], ""column_rationales"": {}, ""interaction"": false, ""rationale"": """", ""on"": """", ""random_effect"": false, ""annotator"": null}, ""is_suited_to_cv"": ""Yes"", ""is_steps_reasonable"": ""Yes"", ""associated_tspec_ids"": [], ""state_col_val_hash"": null}"
17a795b535704c0db84d20fbab88a783,,,,,,,"{""time_stamp"": ""06-06-2024 at 04:55:27 PM"", ""annotator_labeled"": false, ""annotator_label"": null, ""annotator_explanation"": """", ""annotator_is_rationale_reasonable"": ""Yes"", ""rationale"": ""The existing transformations have operationalized the conceptual variable 'Rate of fish caught' in several ways including per hour, per person per hour, for groups using live bait, for groups with a camper, for groups with children, and for groups with both live bait and a camper. An alternative transformation that could be considered is to calculate the rate of fish caught per hour for groups without live bait. This could provide insights into the effectiveness of live bait in catching fish."", ""annotator"": null, ""code"": ""df_no_livebait = df[df['livebait'] == 0]\ndf_no_livebait['fish_caught_per_hour_no_livebait'] = df_no_livebait[\n    'fish_caught'] / df_no_livebait['hours']\n"", ""output_col"": ""fish_caught_per_hour_no_livebait"", ""associated_cvar_spec_id"": ""058937fbec1f49c4ad57d64ae3212d7a"", ""associated_cvar_spec"": {""time_stamp"": null, ""tags"": [], ""read_only_tags"": [], ""is_negative"": false, ""variable_type"": ""DV"", ""concept"": ""Rate of fish caught"", ""final_columns_derived_spec_ids"": [""c9145def71a04d54916b09c8663a7365"", ""2506dec00f4341078b399b1262615090"", ""ROOT_SPEC_ID"", ""5396c443c977404e81b5f9045b765e6e"", ""52fa01b8e8714f3aaecfc2887e007631"", ""ROOT_SPEC_ID"", ""ROOT_SPEC_ID"", ""eb79110c0f4a470b9fe2f76ead2d034e"", ""92ed98c7d89f47d193340119c3c7294b""], ""final_columns_orig"": [""\ud83d\udfe8 fish_caught""], ""final_columns_derived"": [""\ud83d\udfe9 fish_caught_per_hour"", ""\ud83d\udfe9 fish_caught_per_hour"", ""\ud83d\udfe9 fish_per_hour"", ""\ud83d\udfe9 log_fish_per_hour""], ""final_columns_leaf_spec_ids"": [""5396c443c977404e81b5f9045b765e6e"", ""52fa01b8e8714f3aaecfc2887e007631"", ""92ed98c7d89f47d193340119c3c7294b"", ""eb79110c0f4a470b9fe2f76ead2d034e""], ""column_rationales"": {}, ""interaction"": false, ""rationale"": """", ""on"": """", ""random_effect"": false, ""annotator"": null}, ""is_suited_to_cv"": ""Yes"", ""is_steps_reasonable"": ""Yes"", ""associated_tspec_ids"": [], ""state_col_val_hash"": null}"
f7842bb10a514879bc038f43ea9e24b8,,,,,,,"{""time_stamp"": ""06-06-2024 at 04:55:27 PM"", ""annotator_labeled"": false, ""annotator_label"": null, ""annotator_explanation"": """", ""annotator_is_rationale_reasonable"": ""Yes"", ""rationale"": ""The existing transformations use the 'child' column directly or create a new binary column 'have_child' to represent whether the group has any children. Another way to consider the number of children in the group could be to calculate the proportion of children in the group. This can be done by dividing the number of children by the total number of people in the group (adults + children)."", ""annotator"": null, ""code"": ""df['child_proportion'] = df['child'] / (df['persons'] + df['child'])\n"", ""output_col"": ""child_proportion"", ""associated_cvar_spec_id"": ""60536f693ca3431d8557a016e005a5f7"", ""associated_cvar_spec"": {""time_stamp"": null, ""tags"": [], ""read_only_tags"": [], ""is_negative"": false, ""variable_type"": ""IV"", ""concept"": ""Number of children in group"", ""final_columns_derived_spec_ids"": [""ROOT_SPEC_ID"", ""1186aa3412ca421695f4098a8b256ca9""], ""final_columns_orig"": [""\ud83d\udfe8 child"", ""\ud83d\udfe8 child"", ""\ud83d\udfe8 child""], ""final_columns_derived"": [""\ud83d\udfe9 have_child""], ""final_columns_leaf_spec_ids"": [""1186aa3412ca421695f4098a8b256ca9""], ""column_rationales"": {}, ""interaction"": false, ""rationale"": """", ""on"": """", ""random_effect"": false, ""annotator"": null}, ""is_suited_to_cv"": ""Yes"", ""is_steps_reasonable"": ""Yes"", ""associated_tspec_ids"": [], ""state_col_val_hash"": null}"
beb87d98ac394dd5a702f78c7b480579,,,,,,,"{""time_stamp"": ""06-06-2024 at 04:55:27 PM"", ""annotator_labeled"": false, ""annotator_label"": null, ""annotator_explanation"": """", ""annotator_is_rationale_reasonable"": ""Yes"", ""rationale"": ""We want to operationalize the number of children in the group based on the available data. The currently specified transformations consider the raw count of children, the presence of children, and the proportion of children in the group. Another way to consider calculating the children in the group could be based on the ratio of children to adults in the group."", ""annotator"": null, ""code"": ""df['child_to_adult_ratio'] = df['child'] / df['persons']\n"", ""output_col"": ""child_to_adult_ratio"", ""associated_cvar_spec_id"": ""60536f693ca3431d8557a016e005a5f7"", ""associated_cvar_spec"": {""time_stamp"": null, ""tags"": [], ""read_only_tags"": [], ""is_negative"": false, ""variable_type"": ""IV"", ""concept"": ""Number of children in group"", ""final_columns_derived_spec_ids"": [""ROOT_SPEC_ID"", ""1186aa3412ca421695f4098a8b256ca9""], ""final_columns_orig"": [""\ud83d\udfe8 child"", ""\ud83d\udfe8 child"", ""\ud83d\udfe8 child""], ""final_columns_derived"": [""\ud83d\udfe9 have_child""], ""final_columns_leaf_spec_ids"": [""1186aa3412ca421695f4098a8b256ca9""], ""column_rationales"": {}, ""interaction"": false, ""rationale"": """", ""on"": """", ""random_effect"": false, ""annotator"": null}, ""is_suited_to_cv"": ""Yes"", ""is_steps_reasonable"": ""Yes"", ""associated_tspec_ids"": [], ""state_col_val_hash"": null}"
12e9f2d390fc4adb88050c0285d09eb3,,,,,,,"{""time_stamp"": ""06-06-2024 at 04:55:27 PM"", ""annotator_labeled"": false, ""annotator_label"": null, ""annotator_explanation"": """", ""annotator_is_rationale_reasonable"": ""Yes"", ""rationale"": ""The existing transformations have considered the absolute number of children, whether there are children or not, the proportion of children in the group, and the ratio of children to adults. Another approach could be to create a categorical variable that classifies the groups into those with no children, those with one child, and those with more than one child."", ""annotator"": null, ""code"": ""df['child_category'] = 'No children'\ndf.loc[df['child'] == 1, 'child_category'] = 'One child'\ndf.loc[df['child'] > 1, 'child_category'] = 'More than one child'\n"", ""output_col"": ""child_category"", ""associated_cvar_spec_id"": ""60536f693ca3431d8557a016e005a5f7"", ""associated_cvar_spec"": {""time_stamp"": null, ""tags"": [], ""read_only_tags"": [], ""is_negative"": false, ""variable_type"": ""IV"", ""concept"": ""Number of children in group"", ""final_columns_derived_spec_ids"": [""ROOT_SPEC_ID"", ""1186aa3412ca421695f4098a8b256ca9""], ""final_columns_orig"": [""\ud83d\udfe8 child"", ""\ud83d\udfe8 child"", ""\ud83d\udfe8 child""], ""final_columns_derived"": [""\ud83d\udfe9 have_child""], ""final_columns_leaf_spec_ids"": [""1186aa3412ca421695f4098a8b256ca9""], ""column_rationales"": {}, ""interaction"": false, ""rationale"": """", ""on"": """", ""random_effect"": false, ""annotator"": null}, ""is_suited_to_cv"": ""Yes"", ""is_steps_reasonable"": ""Yes"", ""associated_tspec_ids"": [], ""state_col_val_hash"": null}"
74b3407aefbe4b59915f1cc1030fbadf,,,,,,,"{""time_stamp"": ""06-06-2024 at 04:55:27 PM"", ""annotator_labeled"": false, ""annotator_label"": null, ""annotator_explanation"": """", ""annotator_is_rationale_reasonable"": ""Yes"", ""rationale"": ""We want to operationalize the number of children in the group based on the available data. The currently specified transforms consider whether there is a child in the group, the proportion of children to the total group size, the ratio of children to adults, and categorizing the number of children. Another way to consider calculating the number of children could be based on the average number of children per adult in the group."", ""annotator"": null, ""code"": ""df['avg_child_per_adult'] = df['child'] / df['persons']\n"", ""output_col"": ""avg_child_per_adult"", ""associated_cvar_spec_id"": ""60536f693ca3431d8557a016e005a5f7"", ""associated_cvar_spec"": {""time_stamp"": null, ""tags"": [], ""read_only_tags"": [], ""is_negative"": false, ""variable_type"": ""IV"", ""concept"": ""Number of children in group"", ""final_columns_derived_spec_ids"": [""ROOT_SPEC_ID"", ""1186aa3412ca421695f4098a8b256ca9""], ""final_columns_orig"": [""\ud83d\udfe8 child"", ""\ud83d\udfe8 child"", ""\ud83d\udfe8 child""], ""final_columns_derived"": [""\ud83d\udfe9 have_child""], ""final_columns_leaf_spec_ids"": [""1186aa3412ca421695f4098a8b256ca9""], ""column_rationales"": {}, ""interaction"": false, ""rationale"": """", ""on"": """", ""random_effect"": false, ""annotator"": null}, ""is_suited_to_cv"": ""Yes"", ""is_steps_reasonable"": ""Yes"", ""associated_tspec_ids"": [], ""state_col_val_hash"": null}"
e3a08ded5c324b8dbda7966d1a3b1bf3,,,,,,,"{""time_stamp"": ""06-06-2024 at 04:55:27 PM"", ""annotator_labeled"": false, ""annotator_label"": null, ""annotator_explanation"": """", ""annotator_is_rationale_reasonable"": ""Yes"", ""rationale"": ""The existing transformation simply uses the original column \""persons\"" which represents the number of adults in the group. An alternative transformation could be to create a new variable that represents the ratio of adults to the total number of persons in the group (adults + children). This could provide additional context for the analysis, especially if the ratio of adults to children influences the number of fish caught."", ""annotator"": null, ""code"": ""df['adult_ratio'] = df['persons'] / (df['persons'] + df['child'])\n"", ""output_col"": ""adult_ratio"", ""associated_cvar_spec_id"": ""15d57409bfcb47dc8f5ca6421f44b698"", ""associated_cvar_spec"": {""time_stamp"": null, ""tags"": [], ""read_only_tags"": [], ""is_negative"": false, ""variable_type"": ""IV"", ""concept"": ""Number of adults in group"", ""final_columns_derived_spec_ids"": [], ""final_columns_orig"": [""\ud83d\udfe8 persons"", ""\ud83d\udfe8 persons""], ""final_columns_derived"": [], ""final_columns_leaf_spec_ids"": [], ""column_rationales"": {}, ""interaction"": false, ""rationale"": """", ""on"": """", ""random_effect"": false, ""annotator"": null}, ""is_suited_to_cv"": ""Yes"", ""is_steps_reasonable"": ""Yes"", ""associated_tspec_ids"": [], ""state_col_val_hash"": null}"
1a676a2afbe84350b37596f0ca4f6be6,,,,,,,"{""time_stamp"": ""06-06-2024 at 04:55:27 PM"", ""annotator_labeled"": false, ""annotator_label"": null, ""annotator_explanation"": """", ""annotator_is_rationale_reasonable"": ""Yes"", ""rationale"": ""We want to operationalize the number of adults in the group based on the available data. The currently specified transformations consider the raw count of adults in the group and the ratio of adults to total people in the group. Another way to consider calculating the number of adults in the group could be based on the proportion of adults to the total hours spent in the park."", ""annotator"": null, ""code"": ""df['adults_per_hour'] = df['persons'] / df['hours']\n"", ""output_col"": ""adults_per_hour"", ""associated_cvar_spec_id"": ""15d57409bfcb47dc8f5ca6421f44b698"", ""associated_cvar_spec"": {""time_stamp"": null, ""tags"": [], ""read_only_tags"": [], ""is_negative"": false, ""variable_type"": ""IV"", ""concept"": ""Number of adults in group"", ""final_columns_derived_spec_ids"": [], ""final_columns_orig"": [""\ud83d\udfe8 persons"", ""\ud83d\udfe8 persons""], ""final_columns_derived"": [], ""final_columns_leaf_spec_ids"": [], ""column_rationales"": {}, ""interaction"": false, ""rationale"": """", ""on"": """", ""random_effect"": false, ""annotator"": null}, ""is_suited_to_cv"": ""Yes"", ""is_steps_reasonable"": ""Yes"", ""associated_tspec_ids"": [], ""state_col_val_hash"": null}"
0ab22e9f878d4130a635ed6e3df33744,,,,,,,"{""time_stamp"": ""06-06-2024 at 04:55:27 PM"", ""annotator_labeled"": false, ""annotator_label"": null, ""annotator_explanation"": """", ""annotator_is_rationale_reasonable"": ""Yes"", ""rationale"": ""The existing transformations have already used the 'persons' column in the original data, which represents the number of adults in a group. They have also calculated the ratio of adults to the total number of people in the group (adult_ratio), and the number of adults per hour (adults_per_hour). \n\nAn alternative transformation could be to create a binary variable indicating whether the group is comprised solely of adults or not. This could potentially be useful if being an all-adult group has an impact on the number of fish caught."", ""annotator"": null, ""code"": ""df['all_adults'] = (df['persons'] > 0) & (df['child'] == 0)\n"", ""output_col"": ""all_adults"", ""associated_cvar_spec_id"": ""15d57409bfcb47dc8f5ca6421f44b698"", ""associated_cvar_spec"": {""time_stamp"": null, ""tags"": [], ""read_only_tags"": [], ""is_negative"": false, ""variable_type"": ""IV"", ""concept"": ""Number of adults in group"", ""final_columns_derived_spec_ids"": [], ""final_columns_orig"": [""\ud83d\udfe8 persons"", ""\ud83d\udfe8 persons""], ""final_columns_derived"": [], ""final_columns_leaf_spec_ids"": [], ""column_rationales"": {}, ""interaction"": false, ""rationale"": """", ""on"": """", ""random_effect"": false, ""annotator"": null}, ""is_suited_to_cv"": ""Yes"", ""is_steps_reasonable"": ""Yes"", ""associated_tspec_ids"": [], ""state_col_val_hash"": null}"
e49eb953bd954495a2d9f66a4492a07a,,,,,,,"{""time_stamp"": ""06-06-2024 at 04:55:27 PM"", ""annotator_labeled"": false, ""annotator_label"": null, ""annotator_explanation"": """", ""annotator_is_rationale_reasonable"": ""Yes"", ""rationale"": ""The existing transformations consider the raw count of adults, the ratio of adults to the total number of people, the number of adults per hour and also a binary column indicating if all members are adults. Another way to consider the number of adults in the group could be to create a binary column indicating if the group has more adults than children."", ""annotator"": null, ""code"": ""df['more_adults'] = df['persons'] > df['child']\n"", ""output_col"": ""more_adults"", ""associated_cvar_spec_id"": ""15d57409bfcb47dc8f5ca6421f44b698"", ""associated_cvar_spec"": {""time_stamp"": null, ""tags"": [], ""read_only_tags"": [], ""is_negative"": false, ""variable_type"": ""IV"", ""concept"": ""Number of adults in group"", ""final_columns_derived_spec_ids"": [], ""final_columns_orig"": [""\ud83d\udfe8 persons"", ""\ud83d\udfe8 persons""], ""final_columns_derived"": [], ""final_columns_leaf_spec_ids"": [], ""column_rationales"": {}, ""interaction"": false, ""rationale"": """", ""on"": """", ""random_effect"": false, ""annotator"": null}, ""is_suited_to_cv"": ""Yes"", ""is_steps_reasonable"": ""Yes"", ""associated_tspec_ids"": [], ""state_col_val_hash"": null}"
d15e48cea3394a3195b4f3dd22a8e1a1,,,,,,,"{""time_stamp"": ""06-06-2024 at 04:55:27 PM"", ""annotator_labeled"": false, ""annotator_label"": null, ""annotator_explanation"": """", ""annotator_is_rationale_reasonable"": ""Yes"", ""rationale"": ""We want to operationalize the Number of adults in group based on the available data. The currently specified transforms consider the proportion of adults in the group, the ratio of adults to total hours spent in the park, whether all members of the group are adults, and whether there are more adults than children in the group. Another way to consider calculating the number of adults in the group could be based on the ratio of adults to the total number of fish caught, under the assumption that adults are more likely to catch fish than children."", ""annotator"": null, ""code"": ""df['adults_per_fish'] = df['persons'] / df['fish_caught']\n"", ""output_col"": ""adults_per_fish"", ""associated_cvar_spec_id"": ""15d57409bfcb47dc8f5ca6421f44b698"", ""associated_cvar_spec"": {""time_stamp"": null, ""tags"": [], ""read_only_tags"": [], ""is_negative"": false, ""variable_type"": ""IV"", ""concept"": ""Number of adults in group"", ""final_columns_derived_spec_ids"": [], ""final_columns_orig"": [""\ud83d\udfe8 persons"", ""\ud83d\udfe8 persons""], ""final_columns_derived"": [], ""final_columns_leaf_spec_ids"": [], ""column_rationales"": {}, ""interaction"": false, ""rationale"": """", ""on"": """", ""random_effect"": false, ""annotator"": null}, ""is_suited_to_cv"": ""Yes"", ""is_steps_reasonable"": ""Yes"", ""associated_tspec_ids"": [], ""state_col_val_hash"": null}"
9e77a0a046ba45b8acbf418258f78e05,,,,,,,"{""time_stamp"": ""06-06-2024 at 04:55:27 PM"", ""annotator_labeled"": false, ""annotator_label"": null, ""annotator_explanation"": ""no variable for visit, each entry is a visit"", ""annotator_is_rationale_reasonable"": ""No"", ""rationale"": ""The existing transformations have considered the absolute number of adults in the group, the ratio of adults to total people in the group, the number of adults per hour, whether all members of the group are adults, whether there are more adults than children in the group, and the number of adults per fish caught. Another way to operationalize the number of adults in the group could be to consider the average number of adults per group visit. We can calculate this by grouping by the group visit and calculating the mean number of adults."", ""annotator"": null, ""code"": ""df['avg_adults_per_visit'] = df.groupby('visit_id')['persons'].transform('mean'\n    )\n"", ""output_col"": ""avg_adults_per_visit"", ""associated_cvar_spec_id"": ""15d57409bfcb47dc8f5ca6421f44b698"", ""associated_cvar_spec"": {""time_stamp"": null, ""tags"": [], ""read_only_tags"": [], ""is_negative"": false, ""variable_type"": ""IV"", ""concept"": ""Number of adults in group"", ""final_columns_derived_spec_ids"": [], ""final_columns_orig"": [""\ud83d\udfe8 persons"", ""\ud83d\udfe8 persons""], ""final_columns_derived"": [], ""final_columns_leaf_spec_ids"": [], ""column_rationales"": {}, ""interaction"": false, ""rationale"": """", ""on"": """", ""random_effect"": false, ""annotator"": null}, ""is_suited_to_cv"": ""No"", ""is_steps_reasonable"": null, ""associated_tspec_ids"": [], ""state_col_val_hash"": null}"
ae26adc81f3b4b35b82831b094c8a287,,,,,,,"{""time_stamp"": ""06-06-2024 at 04:55:27 PM"", ""annotator_labeled"": false, ""annotator_label"": null, ""annotator_explanation"": """", ""annotator_is_rationale_reasonable"": ""Yes"", ""rationale"": ""The existing transformations have considered the number of adults in the group in various contexts such as the ratio of adults to children, adults per hour, and adults per fish caught. However, we could also consider the impact of the number of adults in the group on whether they used live bait or had a camper. We could create a new variable that categorizes the groups based on the number of adults and whether they used live bait or had a camper."", ""annotator"": null, ""code"": ""df['adults_livebait_camper'] = df['persons'].apply(lambda x: 'high' if x > \n    2 else 'low') + '_' + df['livebait'].apply(lambda x: 'livebait' if x ==\n    1 else 'no_livebait') + '_' + df['camper'].apply(lambda x: 'camper' if \n    x == 1 else 'no_camper')\n"", ""output_col"": ""adults_livebait_camper"", ""associated_cvar_spec_id"": ""15d57409bfcb47dc8f5ca6421f44b698"", ""associated_cvar_spec"": {""time_stamp"": null, ""tags"": [], ""read_only_tags"": [], ""is_negative"": false, ""variable_type"": ""IV"", ""concept"": ""Number of adults in group"", ""final_columns_derived_spec_ids"": [], ""final_columns_orig"": [""\ud83d\udfe8 persons"", ""\ud83d\udfe8 persons""], ""final_columns_derived"": [], ""final_columns_leaf_spec_ids"": [], ""column_rationales"": {}, ""interaction"": false, ""rationale"": """", ""on"": """", ""random_effect"": false, ""annotator"": null}, ""is_suited_to_cv"": ""Yes"", ""is_steps_reasonable"": ""Yes"", ""associated_tspec_ids"": [], ""state_col_val_hash"": null}"
dea563e6408f4db2a12ff1a16de415ca,,,,,,,"{""time_stamp"": ""06-06-2024 at 04:55:27 PM"", ""annotator_labeled"": false, ""annotator_label"": null, ""annotator_explanation"": """", ""annotator_is_rationale_reasonable"": ""Yes"", ""rationale"": ""The current transformations operationalize the conceptual variable \""Number of adults in group\"" in a variety of ways, including direct use, ratio of adults to total people, adults per hour, situations where all members are adults, situations where there are more adults than children, adults per fish caught, average adults per visit, and a combination of adults, livebait, and camper. \n\nAn alternative transformation can be to consider the number of adults in the group as a categorical variable, where groups with one adult are categorized as 'small', with two adults as 'medium', and with three or more adults as 'large'. This transformation can provide insights into how the size of the adult group affects the number of fish caught."", ""annotator"": null, ""code"": ""df['group_size'] = pd.cut(df['persons'], bins=[0, 1, 2, df['persons'].max()\n    ], labels=['small', 'medium', 'large'])\n"", ""output_col"": ""group_size"", ""associated_cvar_spec_id"": ""15d57409bfcb47dc8f5ca6421f44b698"", ""associated_cvar_spec"": {""time_stamp"": null, ""tags"": [], ""read_only_tags"": [], ""is_negative"": false, ""variable_type"": ""IV"", ""concept"": ""Number of adults in group"", ""final_columns_derived_spec_ids"": [], ""final_columns_orig"": [""\ud83d\udfe8 persons"", ""\ud83d\udfe8 persons""], ""final_columns_derived"": [], ""final_columns_leaf_spec_ids"": [], ""column_rationales"": {}, ""interaction"": false, ""rationale"": """", ""on"": """", ""random_effect"": false, ""annotator"": null}, ""is_suited_to_cv"": ""Yes"", ""is_steps_reasonable"": ""Yes"", ""associated_tspec_ids"": [], ""state_col_val_hash"": null}"
7629ea08a88f4c4e85e4ce9f5e7311dc,,,,,,,"{""time_stamp"": ""06-06-2024 at 04:55:27 PM"", ""annotator_labeled"": false, ""annotator_label"": null, ""annotator_explanation"": """", ""annotator_is_rationale_reasonable"": ""Yes"", ""rationale"": ""Based on the existing transformations, we have considered the number of adults in the group in various contexts such as the ratio of adults to children, adults per hour, whether all members are adults, whether there are more adults than children, adults per fish caught, average adults per visit, adult count in combination with live bait and camper usage, and categorizing the group size based on the number of adults. \n\nAnother way to operationalize the number of adults in the group could be to look at the number of adults in relation to the number of fish caught. For example, we could calculate the number of fish caught per adult in the group. This could provide insight into the efficiency of the group in terms of fishing, assuming that adults are primarily the ones doing the fishing."", ""annotator"": null, ""code"": ""df['fish_per_adult'] = df['fish_caught'] / df['persons']\n"", ""output_col"": ""fish_per_adult"", ""associated_cvar_spec_id"": ""15d57409bfcb47dc8f5ca6421f44b698"", ""associated_cvar_spec"": {""time_stamp"": null, ""tags"": [], ""read_only_tags"": [], ""is_negative"": false, ""variable_type"": ""IV"", ""concept"": ""Number of adults in group"", ""final_columns_derived_spec_ids"": [], ""final_columns_orig"": [""\ud83d\udfe8 persons"", ""\ud83d\udfe8 persons""], ""final_columns_derived"": [], ""final_columns_leaf_spec_ids"": [], ""column_rationales"": {}, ""interaction"": false, ""rationale"": """", ""on"": """", ""random_effect"": false, ""annotator"": null}, ""is_suited_to_cv"": ""Yes"", ""is_steps_reasonable"": ""Yes"", ""associated_tspec_ids"": [], ""state_col_val_hash"": null}"
3a2abff47d69414fb96a26c776cf42a9,,,,,,,"{""time_stamp"": ""06-06-2024 at 04:55:27 PM"", ""annotator_labeled"": false, ""annotator_label"": null, ""annotator_explanation"": """", ""annotator_is_rationale_reasonable"": ""Yes"", ""rationale"": ""The existing transformations have covered a lot of aspects of the variable \""Number of adults in group\"" including calculating ratios, averages, per hour calculations, and categorization based on certain conditions. Another way to operationalize this variable could be to create a new column that represents whether the group is adult only or not. This can be done by checking if the number of children in a group is zero."", ""annotator"": null, ""code"": ""df['is_adult_only'] = df['child'].apply(lambda x: 1 if x == 0 else 0)\n"", ""output_col"": ""is_adult_only"", ""associated_cvar_spec_id"": ""15d57409bfcb47dc8f5ca6421f44b698"", ""associated_cvar_spec"": {""time_stamp"": null, ""tags"": [], ""read_only_tags"": [], ""is_negative"": false, ""variable_type"": ""IV"", ""concept"": ""Number of adults in group"", ""final_columns_derived_spec_ids"": [], ""final_columns_orig"": [""\ud83d\udfe8 persons"", ""\ud83d\udfe8 persons""], ""final_columns_derived"": [], ""final_columns_leaf_spec_ids"": [], ""column_rationales"": {}, ""interaction"": false, ""rationale"": """", ""on"": """", ""random_effect"": false, ""annotator"": null}, ""is_suited_to_cv"": ""Yes"", ""is_steps_reasonable"": ""Yes"", ""associated_tspec_ids"": [], ""state_col_val_hash"": null}"
b60d052b79334e049ccea058fe43a9a3,,,,,,,"{""time_stamp"": ""06-06-2024 at 04:55:27 PM"", ""annotator_labeled"": false, ""annotator_label"": null, ""annotator_explanation"": ""I don't think only considering the max adults or not makes sense as max adults is 4 and this data has even number of visits for adults 1,2,3 or 4"", ""annotator_is_rationale_reasonable"": ""No"", ""rationale"": ""We want to operationalize Number of adults in group based on the available data. The currently specified transforms consider creating a binary variable that indicates whether the party size is smaller than 2 or not, and directly using the 'persons' column from the original dataframe. Another way to consider calculating the number of adults in group could be creating a binary variable that indicates whether the party size is equal to the maximum number of adults in a group or not."", ""annotator"": null, ""code"": ""max_adults = df['persons'].max()\ndf['max_adults_in_group'] = (df['persons'] == max_adults).astype(int)\n"", ""output_col"": ""max_adults_in_group"", ""associated_cvar_spec_id"": ""38b79319a9384e938e75ecbed4d1a1aa"", ""associated_cvar_spec"": {""time_stamp"": null, ""tags"": [], ""read_only_tags"": [], ""is_negative"": false, ""variable_type"": ""Control"", ""concept"": ""Number of adults in group"", ""final_columns_derived_spec_ids"": [""ROOT_SPEC_ID"", ""d9dd05cfea4948828dabec2927b4e3da""], ""final_columns_orig"": [""\ud83d\udfe8 persons""], ""final_columns_derived"": [""\ud83d\udfe9 party_size_smaller_than_2""], ""final_columns_leaf_spec_ids"": [""d9dd05cfea4948828dabec2927b4e3da""], ""column_rationales"": {}, ""interaction"": false, ""rationale"": """", ""on"": """", ""random_effect"": false, ""annotator"": null}, ""is_suited_to_cv"": ""No"", ""is_steps_reasonable"": ""Yes"", ""associated_tspec_ids"": [], ""state_col_val_hash"": null}"
50180ae08b344e29a2050a579b42032c,,,,,,,"{""time_stamp"": ""06-06-2024 at 04:55:27 PM"", ""annotator_labeled"": false, ""annotator_label"": null, ""annotator_explanation"": """", ""annotator_is_rationale_reasonable"": ""Yes"", ""rationale"": ""From the existing transformations, the first transformation creates a binary variable indicating whether the party size is smaller than 2. The second transformation directly uses the 'persons' column from the dataframe. The third transformation creates a binary variable indicating whether the group size is equal to the maximum group size in the data.\n\nAn alternative transformation could be to create a binary variable indicating whether the group size is larger than the average group size. This would provide a measure of whether the group is larger than what is typically observed."", ""annotator"": null, ""code"": ""avg_adults = df['persons'].mean()\ndf['above_avg_adults_in_group'] = (df['persons'] > avg_adults).astype(int)\n"", ""output_col"": ""above_avg_adults_in_group"", ""associated_cvar_spec_id"": ""38b79319a9384e938e75ecbed4d1a1aa"", ""associated_cvar_spec"": {""time_stamp"": null, ""tags"": [], ""read_only_tags"": [], ""is_negative"": false, ""variable_type"": ""Control"", ""concept"": ""Number of adults in group"", ""final_columns_derived_spec_ids"": [""ROOT_SPEC_ID"", ""d9dd05cfea4948828dabec2927b4e3da""], ""final_columns_orig"": [""\ud83d\udfe8 persons""], ""final_columns_derived"": [""\ud83d\udfe9 party_size_smaller_than_2""], ""final_columns_leaf_spec_ids"": [""d9dd05cfea4948828dabec2927b4e3da""], ""column_rationales"": {}, ""interaction"": false, ""rationale"": """", ""on"": """", ""random_effect"": false, ""annotator"": null}, ""is_suited_to_cv"": ""Yes"", ""is_steps_reasonable"": ""Yes"", ""associated_tspec_ids"": [], ""state_col_val_hash"": null}"
a3ce395e01e94d47b2343b06de37b6ae,,,,,,,"{""time_stamp"": ""06-06-2024 at 04:55:27 PM"", ""annotator_labeled"": false, ""annotator_label"": null, ""annotator_explanation"": """", ""annotator_is_rationale_reasonable"": ""Yes"", ""rationale"": ""We want to operationalize the number of adults in a group based on the available data. The currently specified transformations consider marking groups smaller than 2 adults, identifying groups with maximum number of adults, and groups with above average number of adults. Another way to consider operationalizing this variable could be to create a new binary variable that indicates if the group has more adults than children."", ""annotator"": null, ""code"": ""df['more_adults_than_children'] = (df['persons'] > df['child']).astype(int)\n"", ""output_col"": ""more_adults_than_children"", ""associated_cvar_spec_id"": ""38b79319a9384e938e75ecbed4d1a1aa"", ""associated_cvar_spec"": {""time_stamp"": null, ""tags"": [], ""read_only_tags"": [], ""is_negative"": false, ""variable_type"": ""Control"", ""concept"": ""Number of adults in group"", ""final_columns_derived_spec_ids"": [""ROOT_SPEC_ID"", ""d9dd05cfea4948828dabec2927b4e3da""], ""final_columns_orig"": [""\ud83d\udfe8 persons""], ""final_columns_derived"": [""\ud83d\udfe9 party_size_smaller_than_2""], ""final_columns_leaf_spec_ids"": [""d9dd05cfea4948828dabec2927b4e3da""], ""column_rationales"": {}, ""interaction"": false, ""rationale"": """", ""on"": """", ""random_effect"": false, ""annotator"": null}, ""is_suited_to_cv"": ""Yes"", ""is_steps_reasonable"": ""Yes"", ""associated_tspec_ids"": [], ""state_col_val_hash"": null}"
6d24442190414fd2a0e5d923da5b2b25,,,,,,,"{""time_stamp"": ""06-06-2024 at 04:55:27 PM"", ""annotator_labeled"": false, ""annotator_label"": null, ""annotator_explanation"": """", ""annotator_is_rationale_reasonable"": ""Yes"", ""rationale"": ""The current transformations capture various aspects of the number of adults in a group such as whether the group size is smaller than 2, if the group has maximum number of adults, if the group has above average number of adults, and if the group has more adults than children. However, one aspect that has not been captured is the ratio of adults to total group size (adults + children). This could provide additional insights into the influence of adult presence in the group on the number of fish caught."", ""annotator"": null, ""code"": ""df['adults_ratio'] = df['persons'] / (df['persons'] + df['child'])\n"", ""output_col"": ""adults_ratio"", ""associated_cvar_spec_id"": ""38b79319a9384e938e75ecbed4d1a1aa"", ""associated_cvar_spec"": {""time_stamp"": null, ""tags"": [], ""read_only_tags"": [], ""is_negative"": false, ""variable_type"": ""Control"", ""concept"": ""Number of adults in group"", ""final_columns_derived_spec_ids"": [""ROOT_SPEC_ID"", ""d9dd05cfea4948828dabec2927b4e3da""], ""final_columns_orig"": [""\ud83d\udfe8 persons""], ""final_columns_derived"": [""\ud83d\udfe9 party_size_smaller_than_2""], ""final_columns_leaf_spec_ids"": [""d9dd05cfea4948828dabec2927b4e3da""], ""column_rationales"": {}, ""interaction"": false, ""rationale"": """", ""on"": """", ""random_effect"": false, ""annotator"": null}, ""is_suited_to_cv"": ""Yes"", ""is_steps_reasonable"": ""Yes"", ""associated_tspec_ids"": [], ""state_col_val_hash"": null}"
213e3342e4a74bb895fe21a2231d33f6,,,,,,,"{""time_stamp"": ""06-06-2024 at 04:55:27 PM"", ""annotator_labeled"": false, ""annotator_label"": null, ""annotator_explanation"": """", ""annotator_is_rationale_reasonable"": ""Yes"", ""rationale"": ""We want to operationalize the number of adults in a group based on the available data. The currently specified transforms consider whether the number of adults is smaller than 2, whether it's the maximum, above average, more than the number of children, and the ratio of adults to total people in the group. Another way to consider calculating the number of adults in a group could be to create a binary variable indicating whether the group is made up of adults only."", ""annotator"": null, ""code"": ""df['adults_only'] = (df['persons'] > 0) & (df['child'] == 0).astype(int)\n"", ""output_col"": ""adults_only"", ""associated_cvar_spec_id"": ""38b79319a9384e938e75ecbed4d1a1aa"", ""associated_cvar_spec"": {""time_stamp"": null, ""tags"": [], ""read_only_tags"": [], ""is_negative"": false, ""variable_type"": ""Control"", ""concept"": ""Number of adults in group"", ""final_columns_derived_spec_ids"": [""ROOT_SPEC_ID"", ""d9dd05cfea4948828dabec2927b4e3da""], ""final_columns_orig"": [""\ud83d\udfe8 persons""], ""final_columns_derived"": [""\ud83d\udfe9 party_size_smaller_than_2""], ""final_columns_leaf_spec_ids"": [""d9dd05cfea4948828dabec2927b4e3da""], ""column_rationales"": {}, ""interaction"": false, ""rationale"": """", ""on"": """", ""random_effect"": false, ""annotator"": null}, ""is_suited_to_cv"": ""Yes"", ""is_steps_reasonable"": ""Yes"", ""associated_tspec_ids"": [], ""state_col_val_hash"": null}"
77e41d7d79544362a8c0955fd73dc330,,,,,,,"{""time_stamp"": ""06-06-2024 at 04:55:27 PM"", ""annotator_labeled"": false, ""annotator_label"": null, ""annotator_explanation"": ""Many transformations not just fish caught per hour"", ""annotator_is_rationale_reasonable"": ""No"", ""rationale"": ""filter out outliers in following steps"", ""annotator"": null, ""code"": ""from sklearn.ensemble import IsolationForest\niso_forest = IsolationForest(contamination=0.1, random_state=42)\ndf['fish_caught_outlier_group_forest'] = iso_forest.fit_predict(df[['fish_caught']])\ndf['hours_outlier_group_forest'] = iso_forest.fit_predict(df[['hours']])\ndf['fish_caught_outlier_group_forest'] = df['fish_caught_outlier_group_forest'].apply(lambda x: 1 if x == -1 else 0)\ndf['hours_outlier_group_forest'] = df['hours_outlier_group_forest'].apply(lambda x: 1 if x == -1 else 0)\ndf = df[(df['fish_caught_outlier_group_forest'] == 0) & (df['hours_outlier_group_forest'] == 0)]\ndf['fish_caught_per_hour'] = df['fish_caught'] / df['hours']"", ""output_col"": ""fish_caught_per_hour"", ""associated_cvar_spec_id"": ""058937fbec1f49c4ad57d64ae3212d7a"", ""associated_cvar_spec"": {""time_stamp"": null, ""tags"": [], ""read_only_tags"": [], ""is_negative"": false, ""variable_type"": ""DV"", ""concept"": ""Rate of fish caught"", ""final_columns_derived_spec_ids"": [""c9145def71a04d54916b09c8663a7365"", ""2506dec00f4341078b399b1262615090"", ""ROOT_SPEC_ID"", ""5396c443c977404e81b5f9045b765e6e"", ""52fa01b8e8714f3aaecfc2887e007631"", ""ROOT_SPEC_ID"", ""ROOT_SPEC_ID"", ""eb79110c0f4a470b9fe2f76ead2d034e"", ""92ed98c7d89f47d193340119c3c7294b""], ""final_columns_orig"": [""\ud83d\udfe8 fish_caught""], ""final_columns_derived"": [""\ud83d\udfe9 fish_caught_per_hour"", ""\ud83d\udfe9 fish_caught_per_hour"", ""\ud83d\udfe9 fish_per_hour"", ""\ud83d\udfe9 log_fish_per_hour""], ""final_columns_leaf_spec_ids"": [""5396c443c977404e81b5f9045b765e6e"", ""52fa01b8e8714f3aaecfc2887e007631"", ""92ed98c7d89f47d193340119c3c7294b"", ""eb79110c0f4a470b9fe2f76ead2d034e""], ""column_rationales"": {}, ""interaction"": false, ""rationale"": """", ""on"": """", ""random_effect"": false, ""annotator"": null}, ""is_suited_to_cv"": ""Yes"", ""is_steps_reasonable"": ""No"", ""associated_tspec_ids"": [""2506dec00f4341078b399b1262615090"", ""c9145def71a04d54916b09c8663a7365"", ""5396c443c977404e81b5f9045b765e6e""], ""state_col_val_hash"": ""72d33795e2ffc9b2da4b58f781180ffea9bfe079eca805a947362b5819280e83""}"
9894f877fdb64ffcb3b9f0bbf55f1264,,,,,,,"{""time_stamp"": ""06-06-2024 at 04:55:27 PM"", ""annotator_labeled"": false, ""annotator_label"": null, ""annotator_explanation"": """", ""annotator_is_rationale_reasonable"": ""Yes"", ""rationale"": ""This is the target variable"", ""annotator"": null, ""code"": ""df['fish_per_hour'] = df['fish_caught'] / df['hours']"", ""output_col"": ""fish_per_hour"", ""associated_cvar_spec_id"": ""058937fbec1f49c4ad57d64ae3212d7a"", ""associated_cvar_spec"": {""time_stamp"": null, ""tags"": [], ""read_only_tags"": [], ""is_negative"": false, ""variable_type"": ""DV"", ""concept"": ""Rate of fish caught"", ""final_columns_derived_spec_ids"": [""c9145def71a04d54916b09c8663a7365"", ""2506dec00f4341078b399b1262615090"", ""ROOT_SPEC_ID"", ""5396c443c977404e81b5f9045b765e6e"", ""52fa01b8e8714f3aaecfc2887e007631"", ""ROOT_SPEC_ID"", ""ROOT_SPEC_ID"", ""eb79110c0f4a470b9fe2f76ead2d034e"", ""92ed98c7d89f47d193340119c3c7294b""], ""final_columns_orig"": [""\ud83d\udfe8 fish_caught""], ""final_columns_derived"": [""\ud83d\udfe9 fish_caught_per_hour"", ""\ud83d\udfe9 fish_caught_per_hour"", ""\ud83d\udfe9 fish_per_hour"", ""\ud83d\udfe9 log_fish_per_hour""], ""final_columns_leaf_spec_ids"": [""5396c443c977404e81b5f9045b765e6e"", ""52fa01b8e8714f3aaecfc2887e007631"", ""92ed98c7d89f47d193340119c3c7294b"", ""eb79110c0f4a470b9fe2f76ead2d034e""], ""column_rationales"": {}, ""interaction"": false, ""rationale"": """", ""on"": """", ""random_effect"": false, ""annotator"": null}, ""is_suited_to_cv"": ""Yes"", ""is_steps_reasonable"": ""Yes"", ""associated_tspec_ids"": [""92ed98c7d89f47d193340119c3c7294b""], ""state_col_val_hash"": ""07944f60dbea3d87ab91e2516649b38f2d4f7fb5c4abb70faab50985193aa716""}"
dcd889de15a14d94b04e7023982df378,,,,,,,"{""time_stamp"": ""06-06-2024 at 04:55:27 PM"", ""annotator_labeled"": false, ""annotator_label"": null, ""annotator_explanation"": """", ""annotator_is_rationale_reasonable"": ""Yes"", ""rationale"": ""This is the target variable\nThe fish_per_hour variable has a long tail distribution"", ""annotator"": null, ""code"": ""df['fish_per_hour'] = df['fish_caught'] / df['hours']\ndf['log_fish_per_hour'] = np.log(1 + df['fish_per_hour'])"", ""output_col"": ""log_fish_per_hour"", ""associated_cvar_spec_id"": ""058937fbec1f49c4ad57d64ae3212d7a"", ""associated_cvar_spec"": {""time_stamp"": null, ""tags"": [], ""read_only_tags"": [], ""is_negative"": false, ""variable_type"": ""DV"", ""concept"": ""Rate of fish caught"", ""final_columns_derived_spec_ids"": [""c9145def71a04d54916b09c8663a7365"", ""2506dec00f4341078b399b1262615090"", ""ROOT_SPEC_ID"", ""5396c443c977404e81b5f9045b765e6e"", ""52fa01b8e8714f3aaecfc2887e007631"", ""ROOT_SPEC_ID"", ""ROOT_SPEC_ID"", ""eb79110c0f4a470b9fe2f76ead2d034e"", ""92ed98c7d89f47d193340119c3c7294b""], ""final_columns_orig"": [""\ud83d\udfe8 fish_caught""], ""final_columns_derived"": [""\ud83d\udfe9 fish_caught_per_hour"", ""\ud83d\udfe9 fish_caught_per_hour"", ""\ud83d\udfe9 fish_per_hour"", ""\ud83d\udfe9 log_fish_per_hour""], ""final_columns_leaf_spec_ids"": [""5396c443c977404e81b5f9045b765e6e"", ""52fa01b8e8714f3aaecfc2887e007631"", ""92ed98c7d89f47d193340119c3c7294b"", ""eb79110c0f4a470b9fe2f76ead2d034e""], ""column_rationales"": {}, ""interaction"": false, ""rationale"": """", ""on"": """", ""random_effect"": false, ""annotator"": null}, ""is_suited_to_cv"": ""Yes"", ""is_steps_reasonable"": ""Yes"", ""associated_tspec_ids"": [""92ed98c7d89f47d193340119c3c7294b"", ""eb79110c0f4a470b9fe2f76ead2d034e""], ""state_col_val_hash"": ""72d528135155b9f87af598ba5bba36fdf5e73dc1ddc1c0108326b1857972247d""}"
30e6bc1550f54245b53aec2fbce47004,,,,,,,"{""time_stamp"": ""06-06-2024 at 04:55:27 PM"", ""annotator_labeled"": false, ""annotator_label"": null, ""annotator_explanation"": """", ""annotator_is_rationale_reasonable"": ""Yes"", ""rationale"": ""Increase statistical significance by merging variables"", ""annotator"": null, ""code"": ""df['party_size_smaller_than_2'] = df['persons'].isin([1, 2]).astype(int)"", ""output_col"": ""party_size_smaller_than_2"", ""associated_cvar_spec_id"": ""38b79319a9384e938e75ecbed4d1a1aa"", ""associated_cvar_spec"": {""time_stamp"": null, ""tags"": [], ""read_only_tags"": [], ""is_negative"": false, ""variable_type"": ""Control"", ""concept"": ""Number of adults in group"", ""final_columns_derived_spec_ids"": [""ROOT_SPEC_ID"", ""d9dd05cfea4948828dabec2927b4e3da""], ""final_columns_orig"": [""\ud83d\udfe8 persons""], ""final_columns_derived"": [""\ud83d\udfe9 party_size_smaller_than_2""], ""final_columns_leaf_spec_ids"": [""d9dd05cfea4948828dabec2927b4e3da""], ""column_rationales"": {}, ""interaction"": false, ""rationale"": """", ""on"": """", ""random_effect"": false, ""annotator"": null}, ""is_suited_to_cv"": ""Yes"", ""is_steps_reasonable"": ""Yes"", ""associated_tspec_ids"": [""d9dd05cfea4948828dabec2927b4e3da""], ""state_col_val_hash"": ""26a5635b209b5d6262ab065aab9b03563ca96b8832e6c6c4ed8486a440d3b4c3""}"
152507d5218e4b96a41a892ea2d69481,,,,,,,"{""time_stamp"": ""06-06-2024 at 04:55:27 PM"", ""annotator_labeled"": false, ""annotator_label"": null, ""annotator_explanation"": """", ""annotator_is_rationale_reasonable"": ""Yes"", ""rationale"": ""There is a small amount (17%) of people having more than 1 child"", ""annotator"": null, ""code"": ""df['have_child'] = (df['child'] > 0).astype(int)"", ""output_col"": ""have_child"", ""associated_cvar_spec_id"": ""60536f693ca3431d8557a016e005a5f7"", ""associated_cvar_spec"": {""time_stamp"": null, ""tags"": [], ""read_only_tags"": [], ""is_negative"": false, ""variable_type"": ""IV"", ""concept"": ""Number of children in group"", ""final_columns_derived_spec_ids"": [""ROOT_SPEC_ID"", ""1186aa3412ca421695f4098a8b256ca9""], ""final_columns_orig"": [""\ud83d\udfe8 child"", ""\ud83d\udfe8 child"", ""\ud83d\udfe8 child""], ""final_columns_derived"": [""\ud83d\udfe9 have_child""], ""final_columns_leaf_spec_ids"": [""1186aa3412ca421695f4098a8b256ca9""], ""column_rationales"": {}, ""interaction"": false, ""rationale"": """", ""on"": """", ""random_effect"": false, ""annotator"": null}, ""is_suited_to_cv"": ""Yes"", ""is_steps_reasonable"": ""Yes"", ""associated_tspec_ids"": [""1186aa3412ca421695f4098a8b256ca9""], ""state_col_val_hash"": ""920fd00bf9dab463bb77b80cade6bb9bb8c34a74348ef2eb2fece5df8d6c5294""}"
00c150cc8e984ebeae974be3cfaa0443,,,"{""time_stamp"": ""06-11-2024 at 03:00:50 PM"", ""tags"": [""""], ""read_only_tags"": [], ""is_negative"": false, ""specification"": ""Transform the children into a binary child / no child column"", ""spec_name"": ""binarize_children"", ""trans_verb"": [""derive""], ""code"": ""df['have_children'] = (df['child'] > 0).astype(int)"", ""rationale"": ""There is a small amount (17%) of people having more than 1 child, we can include them into have_children category"", ""conditions"": """", ""input_cols_to_output_col_mapping"": [[[""child""], ""have_children""]], ""branches"": [{""dependencies"": [""ROOT_SPEC_ID""], ""condition"": """"}], ""annotator"": null}",,,,
4ef4e24443bc4645bbdc77b7274fefe2,,,"{""time_stamp"": ""06-11-2024 at 05:04:11 PM"", ""tags"": [], ""read_only_tags"": [], ""is_negative"": false, ""specification"": ""Remove the outliers of fish caught per hour"", ""spec_name"": ""remove_outliers"", ""trans_verb"": [""filter""], ""code"": ""df = df[df['fish_caught_per_hour'] < 50]"", ""rationale"": ""The outlier values might influence the models "", ""conditions"": """", ""input_cols_to_output_col_mapping"": [[[""fish_caught_per_hour""], """"]], ""branches"": [{""dependencies"": [""52fa01b8e8714f3aaecfc2887e007631""], ""condition"": """"}], ""annotator"": null}",,,,
b5f298d9c99d4b34a89c0ac1a20e2522,,,"{""time_stamp"": ""06-11-2024 at 05:08:47 PM"", ""tags"": [], ""read_only_tags"": [], ""is_negative"": false, ""specification"": ""Cap outlier values"", ""spec_name"": ""cap_outliers"", ""trans_verb"": [""filter""], ""code"": ""df.loc[df['fish_caught_per_hour'] > 50, 'fish_per_hour'] = 50"", ""rationale"": ""There are outliers in fish_caught_per_hour and we may want to cap the extreme values"", ""conditions"": """", ""input_cols_to_output_col_mapping"": [[[""fish_caught_per_hour""], """"]], ""branches"": [{""dependencies"": [""52fa01b8e8714f3aaecfc2887e007631""], ""condition"": """"}], ""annotator"": null}",,,,
c622806984684b86921e13600845170d,,,"{""time_stamp"": ""06-11-2024 at 05:10:09 PM"", ""tags"": [], ""read_only_tags"": [], ""is_negative"": false, ""specification"": ""Log transform of fish caught per hour"", ""spec_name"": ""log_transform"", ""trans_verb"": [""derive""], ""code"": ""df['log_fish_per_hour'] = np.log(1 + df['fish_caught_per_hour'])"", ""rationale"": ""fish_caught_per_hour has a long right tail"", ""conditions"": """", ""input_cols_to_output_col_mapping"": [[[""fish_caught_per_hour""], ""log_fish_per_hour""]], ""branches"": [{""dependencies"": [""52fa01b8e8714f3aaecfc2887e007631""], ""condition"": """"}], ""annotator"": null}",,,,
62ad529d351049e2937d4a0987926cc0,,,"{""time_stamp"": ""06-11-2024 at 05:11:33 PM"", ""tags"": [], ""read_only_tags"": [], ""is_negative"": false, ""specification"": ""Binarize the party size"", ""spec_name"": ""binarize_persons"", ""trans_verb"": [""derive""], ""code"": ""df['party_size_smaller_than_2'] = df['persons'].isin([1, 2]).astype(int)"", ""rationale"": ""even distribution of persons >2 and <=2"", ""conditions"": """", ""input_cols_to_output_col_mapping"": [[[""persons""], ""party_size_smaller_than_2""]], ""branches"": [{""dependencies"": [""ROOT_SPEC_ID""], ""condition"": """"}], ""annotator"": null}",,,,
64fa04d4114245e4a8d2cb43d2723c88,,,"{""time_stamp"": ""06-11-2024 at 05:16:55 PM"", ""tags"": [], ""read_only_tags"": [], ""is_negative"": false, ""specification"": ""calculate group size"", ""spec_name"": ""group_size"", ""trans_verb"": [""derive""], ""code"": ""df['group_size'] = df['persons'] + df['child']"", ""rationale"": ""The assumption here is that a larger group might catch more fish per hour. We can create a new column 'group_size' as the sum of 'persons' and 'child', and then calculate the rate of fish caught per hour per person."", ""conditions"": """", ""input_cols_to_output_col_mapping"": [[[""persons"", ""child""], ""group_size""]], ""branches"": [{""dependencies"": [""ROOT_SPEC_ID""], ""condition"": """"}], ""annotator"": null}",,,,
d2d730e4c9ae4472a9efb22b48f42c30,,,"{""time_stamp"": ""06-11-2024 at 05:18:23 PM"", ""tags"": [], ""read_only_tags"": [], ""is_negative"": false, ""specification"": ""fish caught per hour per person"", ""spec_name"": ""fish_per_hour_person"", ""trans_verb"": [""derive""], ""code"": ""df['fish_caught_per_hour_per_person'] = df['fish_caught'] / (df['hours'] *\n        df['group_size'])"", ""rationale"": ""The assumption here is that a larger group might catch more fish per hour. We can create a new column 'group_size' as the sum of 'persons' and 'child', and then calculate the rate of fish caught per hour per person."", ""conditions"": """", ""input_cols_to_output_col_mapping"": [[[""hours"", ""fish_caught"", ""group_size""], ""fish_caught_per_hour_per_person""]], ""branches"": [{""dependencies"": [""64fa04d4114245e4a8d2cb43d2723c88""], ""condition"": """"}], ""annotator"": null}",,,,
36a8eb2bfbf141e9826d790ca38ab732,,,"{""time_stamp"": ""06-11-2024 at 05:20:56 PM"", ""tags"": [], ""read_only_tags"": [], ""is_negative"": false, ""specification"": ""child proportion"", ""spec_name"": ""child_prop"", ""trans_verb"": [""derive""], ""code"": ""df['child_proportion'] = df['child'] / (df['group_size'])"", ""rationale"": ""consider the number of children in the group could be to calculate the proportion of children in the group. This can be done by dividing the number of children by the total number of people in the group (adults + children)."", ""conditions"": """", ""input_cols_to_output_col_mapping"": [[[""child"", ""group_size""], ""child_proportion""]], ""branches"": [{""dependencies"": [""64fa04d4114245e4a8d2cb43d2723c88""], ""condition"": """"}], ""annotator"": null}",,,,
86bcd8918efe4362a88fb0cdf6b00171,,,,"{""time_stamp"": ""06-12-2024 at 07:42:44 PM"", ""tags"": [], ""read_only_tags"": [], ""is_negative"": false, ""specification"": ""Linear regression "", ""spec_name"": ""linear_regression"", ""rationale"": ""Linear regression allows to measure the effect of the individual variables, accounting for the others"", ""dependencies"": [], ""code"": ""model = smf.ols('log_fish_per_hour ~ livebait + camper + group_size + have_child', data=df).fit()"", ""associated_columns_derived_spec_ids"": [""52fa01b8e8714f3aaecfc2887e007631"", ""00c150cc8e984ebeae974be3cfaa0443"", ""ROOT_SPEC_ID"", ""64fa04d4114245e4a8d2cb43d2723c88"", ""c622806984684b86921e13600845170d""], ""associated_columns_orig"": [""\ud83d\udfe8 camper"", ""\ud83d\udfe8 livebait""], ""associated_columns_derived"": [""\ud83d\udfe9 log_fish_per_hour"", ""\ud83d\udfe9 have_children"", ""\ud83d\udfe9 group_size""], ""associated_columns_leaf_spec_ids"": [""c622806984684b86921e13600845170d"", ""00c150cc8e984ebeae974be3cfaa0443"", ""64fa04d4114245e4a8d2cb43d2723c88""], ""associated_specified_spec_ids"": [], ""annotator"": null}",,,
ef4c020234e54b91993f1ce2464edc1e,,,,"{""time_stamp"": ""06-12-2024 at 07:43:02 PM"", ""tags"": [], ""read_only_tags"": [], ""is_negative"": false, ""specification"": ""Linear Regression "", ""spec_name"": ""linear_regression"", ""rationale"": ""Linear regression allows to measure the effect of the individual variables, accounting for the others"", ""dependencies"": [], ""code"": ""model = smf.ols('fish_caught_per_hour ~ livebait + camper + party_size_smaller_than_2 + child_proportion', data=df).fit()"", ""associated_columns_derived_spec_ids"": [""52fa01b8e8714f3aaecfc2887e007631"", ""36a8eb2bfbf141e9826d790ca38ab732"", ""ROOT_SPEC_ID"", ""64fa04d4114245e4a8d2cb43d2723c88"", ""62ad529d351049e2937d4a0987926cc0""], ""associated_columns_orig"": [""\ud83d\udfe8 camper"", ""\ud83d\udfe8 livebait""], ""associated_columns_derived"": [""\ud83d\udfe9 fish_caught_per_hour"", ""\ud83d\udfe9 child_proportion"", ""\ud83d\udfe9 party_size_smaller_than_2""], ""associated_columns_leaf_spec_ids"": [""52fa01b8e8714f3aaecfc2887e007631"", ""36a8eb2bfbf141e9826d790ca38ab732"", ""62ad529d351049e2937d4a0987926cc0""], ""associated_specified_spec_ids"": [""b5f298d9c99d4b34a89c0ac1a20e2522""], ""annotator"": null}",,,
48b5c81dbf5b4429a7aafadbfdceb4b8,,,,"{""time_stamp"": ""06-12-2024 at 07:42:33 PM"", ""tags"": [], ""read_only_tags"": [], ""is_negative"": false, ""specification"": ""Linear Regression "", ""spec_name"": ""linear_regression"", ""rationale"": ""Linear regression allows to measure the effect of the individual variables, accounting for the others"", ""dependencies"": [], ""code"": ""model = smf.ols('fish_per_hour ~ livebait + camper + persons + child', data=df).fit()"", ""associated_columns_derived_spec_ids"": [""52fa01b8e8714f3aaecfc2887e007631"", ""ROOT_SPEC_ID""], ""associated_columns_orig"": [""\ud83d\udfe8 child"", ""\ud83d\udfe8 camper"", ""\ud83d\udfe8 livebait"", ""\ud83d\udfe8 persons""], ""associated_columns_derived"": [""\ud83d\udfe9 fish_caught_per_hour""], ""associated_columns_leaf_spec_ids"": [""52fa01b8e8714f3aaecfc2887e007631""], ""associated_specified_spec_ids"": [""4ef4e24443bc4645bbdc77b7274fefe2""], ""annotator"": null}",,,
541a1cf9ce334e2caf6662432be836c7,,,,"{""time_stamp"": ""06-12-2024 at 11:01:16 AM"", ""tags"": [], ""read_only_tags"": [], ""is_negative"": false, ""specification"": ""Poisson Regression"", ""spec_name"": ""poisson_regression"", ""rationale"": ""Poisson regression is suited to counts of fish captured as it is a positive, heavy tailed distribution"", ""dependencies"": [], ""code"": ""model = smf.glm('fish_caught ~ livebait + camper + party_size_smaller_than_2 + have_child + hours', data=df, family=sm.families.Poisson()).fit()"", ""associated_columns_derived_spec_ids"": [""62ad529d351049e2937d4a0987926cc0"", ""00c150cc8e984ebeae974be3cfaa0443""], ""associated_columns_orig"": [""\ud83d\udfe8 fish_caught"", ""\ud83d\udfe8 livebait"", ""\ud83d\udfe8 camper"", ""\ud83d\udfe8 hours""], ""associated_columns_derived"": [""\ud83d\udfe9 party_size_smaller_than_2"", ""\ud83d\udfe9 have_children""], ""associated_columns_leaf_spec_ids"": [""62ad529d351049e2937d4a0987926cc0"", ""00c150cc8e984ebeae974be3cfaa0443""], ""associated_specified_spec_ids"": [], ""annotator"": null}",,,
0445f33fb1cc42f69b539e766cff9fa4,,,,"{""time_stamp"": ""06-12-2024 at 07:42:19 PM"", ""tags"": [], ""read_only_tags"": [], ""is_negative"": false, ""specification"": ""General Additive Model "", ""spec_name"": ""general_additive_model"", ""rationale"": ""To flexibly capture nonlinear relationships between the number of fish caught and predictor variables like hours, live bait use, and group composition."", ""dependencies"": [], ""code"": ""from pygam import LinearGAM, s, f\nX = df[['livebait', 'camper', 'persons', 'child', 'hours']]\ny = df['fish_caught_per_hour_per_person']\nmodel = LinearGAM(s(0) + s(1) + s(2) + s(3) + s(4)).fit(X, y)"", ""associated_columns_derived_spec_ids"": [""64fa04d4114245e4a8d2cb43d2723c88"", ""d2d730e4c9ae4472a9efb22b48f42c30"", ""ROOT_SPEC_ID""], ""associated_columns_orig"": [""\ud83d\udfe8 camper"", ""\ud83d\udfe8 child"", ""\ud83d\udfe8 livebait"", ""\ud83d\udfe8 persons""], ""associated_columns_derived"": [""\ud83d\udfe9 fish_caught_per_hour_per_person""], ""associated_columns_leaf_spec_ids"": [""d2d730e4c9ae4472a9efb22b48f42c30""], ""associated_specified_spec_ids"": [], ""annotator"": null}",,,
f392694385d8459b8ee936634a2e034d,,,"{""time_stamp"": ""08-13-2024 at 12:49:26 AM"", ""tags"": [], ""read_only_tags"": [], ""is_negative"": false, ""specification"": ""calculate fish caught per hour per total people "", ""spec_name"": ""fish_per_hour_per_total_people"", ""trans_verb"": [""derive""], ""code"": ""df['fish_caught_per_hour_per_total_people'] = df['fish_caught_per_hour']/df['group_size']"", ""rationale"": ""The existing transformations already provide a variety of ways to operationalize the rate of fish caught, including per hour, per person, with live bait, with a camper, and with children. However, one aspect that hasn't been considered is the effect of group size on the rate of fish caught. It could be interesting to see how the rate changes with the number of people (both adults and children) in the group."", ""conditions"": """", ""input_cols_to_output_col_mapping"": [[[""group_size"", ""fish_caught_per_hour""], ""fish_caught_per_hour_per_total_people""]], ""branches"": [{""dependencies"": [""52fa01b8e8714f3aaecfc2887e007631"", ""64fa04d4114245e4a8d2cb43d2723c88""], ""condition"": """"}], ""annotator"": null}",,,,
46c4e065dd4248929dc491882358f8f3,,,"{""time_stamp"": ""06-12-2024 at 12:47:25 AM"", ""tags"": [], ""read_only_tags"": [], ""is_negative"": false, ""specification"": ""calculate adults children ratio"", ""spec_name"": ""adults_ratio"", ""trans_verb"": [""derive""], ""code"": ""df['adults_ratio'] = df['persons'] / df['group_size']"", ""rationale"": """", ""conditions"": """", ""input_cols_to_output_col_mapping"": [[[""persons"", ""group_size""], ""adults_ratio""]], ""branches"": [{""dependencies"": [""64fa04d4114245e4a8d2cb43d2723c88""], ""condition"": """"}], ""annotator"": null}",,,,
425357d688c549619fc2f69e1bacebd3,,,"{""time_stamp"": ""06-12-2024 at 12:49:03 AM"", ""tags"": [], ""read_only_tags"": [], ""is_negative"": false, ""specification"": ""whether there is more adults than children in the group"", ""spec_name"": ""more_adults_than_children"", ""trans_verb"": [""derive""], ""code"": ""df['more_adults_than_children'] = (df['persons'] > df['child']).astype(int)"", ""rationale"": """", ""conditions"": """", ""input_cols_to_output_col_mapping"": [[[""persons"", ""child""], ""more_adults_than_children""]], ""branches"": [{""dependencies"": [""ROOT_SPEC_ID""], ""condition"": """"}], ""annotator"": null}",,,,
7012121a763b4dbc9cb3f90a98315b91,,,,"{""time_stamp"": ""06-12-2024 at 10:50:45 AM"", ""tags"": [], ""read_only_tags"": [], ""is_negative"": false, ""specification"": ""Two sample t-test"", ""spec_name"": ""two_sample_ttest"", ""rationale"": ""Perform t-tests to compare the mean number of fish caught per hour between groups using live bait vs. not using live bait, and between groups having campers vs. not having campers."", ""dependencies"": [], ""code"": ""livebait_group1 = data[data['livebait'] == 1]['fish_caught_per_hour']\nlivebait_group2 = data[data['livebait'] == 0]['fish_caught_per_hour']\n\nt_stat_livebait, p_value_livebait = stats.ttest_ind(livebait_group1, livebait_group2)\n\ncamper_group1 = data[data['camper'] == 1]['fish_per_hour']\ncamper_group2 = data[data['camper'] == 0]['fish_per_hour']\n\nt_stat_camper, p_value_camper = stats.ttest_ind(camper_group1, camper_group2)"", ""associated_columns_derived_spec_ids"": [""ROOT_SPEC_ID"", ""52fa01b8e8714f3aaecfc2887e007631""], ""associated_columns_orig"": [""\ud83d\udfe8 livebait"", ""\ud83d\udfe8 camper""], ""associated_columns_derived"": [""\ud83d\udfe9 fish_caught_per_hour""], ""associated_columns_leaf_spec_ids"": [""52fa01b8e8714f3aaecfc2887e007631""], ""associated_specified_spec_ids"": [""52fa01b8e8714f3aaecfc2887e007631""], ""annotator"": null}",,,
bc5b80892bdc4257b0064eab34d56cfe,,,,"{""time_stamp"": ""06-12-2024 at 10:57:25 AM"", ""tags"": [], ""read_only_tags"": [], ""is_negative"": false, ""specification"": ""Pearson Correlation"", ""spec_name"": ""pearson_correlation"", ""rationale"": ""Using Pearson correlation in this context helps to identify and quantify the linear relationships between the number of fish caught per hour (fish_per_hour) and other factors such as livebait, camper, persons, child, and hours. "", ""dependencies"": [], ""code"": ""data = df[['fish_caught_per_hour_per_total_people', 'more_adults_than_children', 'adults_ratio', 'camper', 'livebait', 'hours']]\ncorrelation_matrix = df.corr(method='pearson')\nrelevant_correlations = correlation_matrix['fish_caught_per_hour_per_total_people']"", ""associated_columns_derived_spec_ids"": [""ROOT_SPEC_ID"", ""f392694385d8459b8ee936634a2e034d"", ""46c4e065dd4248929dc491882358f8f3"", ""64fa04d4114245e4a8d2cb43d2723c88"", ""425357d688c549619fc2f69e1bacebd3""], ""associated_columns_orig"": [""\ud83d\udfe8 camper"", ""\ud83d\udfe8 livebait"", ""\ud83d\udfe8 hours""], ""associated_columns_derived"": [""\ud83d\udfe9 fish_caught_per_hour_per_total_people"", ""\ud83d\udfe9 adults_ratio"", ""\ud83d\udfe9 more_adults_than_children""], ""associated_columns_leaf_spec_ids"": [""f392694385d8459b8ee936634a2e034d"", ""46c4e065dd4248929dc491882358f8f3"", ""425357d688c549619fc2f69e1bacebd3""], ""associated_specified_spec_ids"": [], ""annotator"": null}",,,