spec_id,dependency_graph,conceptual_spec_json,transform_spec_json,model_spec_json,tisane_spec_json,annotate_cvar_spec_json,annotate_transform_spec_json,Unnamed: 8,Unnamed: 9,Unnamed: 10
702fed8cf90b4cc6baff047f95da430a,"{
  ""directed"": true,
  ""multigraph"": false,
  ""graph"": {},
  ""nodes"": [
    {
      ""id"": ""ROOT_SPEC_ID""
    },
    {
      ""id"": ""ecce85958fe741939b135576511c798a""
    },
    {
      ""id"": ""6bebacdbf906483fafc1b3f664778f00""
    },
    {
      ""id"": ""da2a6baf33744226a1bf7b5ad26540ce""
    },
    {
      ""id"": ""5c664cda43584c00af63edac8caca3f8""
    },
    {
      ""id"": ""3777608087d342fc995d6fae04729735""
    },
    {
      ""id"": ""f282f28e168e468c8b3c5986d729c295""
    },
    {
      ""id"": ""6f6e5a957f2f4302a526ff1f6a6f979c""
    },
    {
      ""id"": ""93ccc7ae4a254451b4cc1181c1853b3e""
    },
    {
      ""id"": ""9bb41b3a71de4964a0e66b00e24451d7""
    },
    {
      ""id"": ""4911b84dfaec4d08bfec8b837bf939f8""
    },
    {
      ""id"": ""99d28fe8c4a54edd95333a3df35bb64f""
    },
    {
      ""id"": ""2a4b8ae150b14c0183100edcbcd6a204""
    },
    {
      ""id"": ""7658419231b84d97a484dfb2d8546f28""
    },
    {
      ""id"": ""abab409f820d4f338ad4a60e64e741a1""
    },
    {
      ""id"": ""b0236c60e963490e8bf1a49fdc418e1f""
    },
    {
      ""id"": ""4224b32b461a428a809eed51c5c06634""
    },
    {
      ""id"": ""e9b232f08f9a425a8ee5c9e3e12d07b4""
    },
    {
      ""id"": ""429e42907bbe486da3c097fef20052d5""
    },
    {
      ""id"": ""e6b6ab417d6149328450171f2f471652""
    },
    {
      ""id"": ""9e4a128366da45e89b19fcbc9f50b10f""
    },
    {
      ""id"": ""f9de1e99806947a8bae53bd5d2d3c466""
    },
    {
      ""id"": ""7ce4bc86530a4dd3a8a6415918c0ae96""
    },
    {
      ""id"": ""990ccb1f5535438393351c4c4b366e76""
    },
    {
      ""id"": ""e0ca0b77db98409b916fe5defa7316af""
    },
    {
      ""id"": ""35914ecc36714ddda615b4fc0fc2f5d7""
    }
  ],
  ""links"": [
    {
      ""source"": ""ROOT_SPEC_ID"",
      ""target"": ""6f6e5a957f2f4302a526ff1f6a6f979c""
    },
    {
      ""source"": ""ROOT_SPEC_ID"",
      ""target"": ""9bb41b3a71de4964a0e66b00e24451d7""
    },
    {
      ""source"": ""9bb41b3a71de4964a0e66b00e24451d7"",
      ""target"": ""b0236c60e963490e8bf1a49fdc418e1f""
    },
    {
      ""source"": ""4911b84dfaec4d08bfec8b837bf939f8"",
      ""target"": ""b0236c60e963490e8bf1a49fdc418e1f""
    },
    {
      ""source"": ""99d28fe8c4a54edd95333a3df35bb64f"",
      ""target"": ""abab409f820d4f338ad4a60e64e741a1""
    },
    {
      ""source"": ""2a4b8ae150b14c0183100edcbcd6a204"",
      ""target"": ""abab409f820d4f338ad4a60e64e741a1""
    }
  ]
}",,,,,,,,,
ROOT_SPEC_ID,,,"{""spec_name"": ""ROOT""}",,,,,,,
ecce85958fe741939b135576511c798a,,,"{""tags"": [], ""read_only_tags"": [], ""is_negative"": false, ""specification"": ""Focal group size - other group size"", ""spec_name"": ""relative_size_diff"", ""trans_verb"": [""derive""], ""code"": ""df['relative_size_diff'] = df['n_focal'] - df['n_other']\n"", ""rationale"": ""RQ is asking about the impact of relative group size. using diff is one option"", ""conditions"": """", ""input_cols_to_output_col_mapping"": [[[""n_focal"", ""n_other""], ""relative_size_diff""]], ""branches"": [{""dependencies"": [""ROOT_SPEC_ID""], ""condition"": """"}]}",,,,,,,
6bebacdbf906483fafc1b3f664778f00,,,"{""tags"": [], ""read_only_tags"": [], ""is_negative"": false, ""specification"": ""ratio of focal group size vs other group size"", ""spec_name"": ""relative_size_ratio"", ""trans_verb"": [""derive""], ""code"": ""df['relative_size_ratio'] = df['n_focal']/ df['n_other']\n"", ""rationale"": ""RQ asks about impact of relative group size impact. calculating ratio is one option"", ""conditions"": """", ""input_cols_to_output_col_mapping"": [[[""n_focal"", ""n_other""], ""relative_size_ratio""]], ""branches"": [{""dependencies"": [""ROOT_SPEC_ID""], ""condition"": """"}]}",,,,,,,
a969c3636318498599f4bab6026ed294,,"{""tags"": [], ""read_only_tags"": [], ""is_negative"": false, ""variable_type"": ""DV"", ""concept"": ""Whether the group win the contest"", ""final_columns_derived_spec_ids"": [], ""final_columns_orig"": [""\ud83d\udfe8 win""], ""final_columns_derived"": [], ""final_columns_leaf_spec_ids"": [], ""column_rationales"": {""\ud83d\udfe8 win"": ""Binary for win/lose contest ""}, ""interaction"": false, ""rationale"": ""RQ asked about if those IV will affect the probability of winning, it is obvious to select the binary outcome Win/Lose as DV"", ""on"": """", ""random_effect"": false}",,,,,,,,
542b226e8fcb45bfb79fefaa964d6a3e,,"{""tags"": [], ""read_only_tags"": [], ""is_negative"": false, ""variable_type"": ""IV"", ""concept"": ""Distance from the contest location to the center of focal group"", ""final_columns_derived_spec_ids"": [], ""final_columns_orig"": [""\ud83d\udfe8 dist_focal""], ""final_columns_derived"": [], ""final_columns_leaf_spec_ids"": [], ""column_rationales"": {""\ud83d\udfe8 dist_focal"": ""Distance in meters of focal group from the center of its home range\t""}, ""interaction"": false, ""rationale"": ""RQ ask about the impact of contest location influence to odds of winning."", ""on"": """", ""random_effect"": false}",,,,,,,,
5e93f323551b44fc9a67998d65bbad10,,"{""time_stamp"": ""06-10-2024 at 09:51:03 PM"", ""tags"": [], ""read_only_tags"": [], ""is_negative"": false, ""variable_type"": ""IV"", ""concept"": "" Relative size of two groups "", ""final_columns_derived_spec_ids"": [""6bebacdbf906483fafc1b3f664778f00"", ""ecce85958fe741939b135576511c798a""], ""final_columns_orig"": [], ""final_columns_derived"": [""\ud83d\udfe9 relative_size_diff"", ""\ud83d\udfe9 relative_size_ratio""], ""final_columns_leaf_spec_ids"": [""ecce85958fe741939b135576511c798a"", ""6bebacdbf906483fafc1b3f664778f00""], ""column_rationales"": {""\ud83d\udfe9 relative_size_diff"": ""diff of the two group size"", ""\ud83d\udfe9 relative_size_ratio"": ""ratio of the two group size""}, ""interaction"": false, ""rationale"": "" RQ ask about the impact of relative size to odds of winning. the diff /ratio of the size of the two groups are reasonable"", ""on"": """", ""random_effect"": false, ""annotator"": null}",,,,,,,,
f7d7eb785d9b42719fb6b87744016301,,"{""tags"": [], ""read_only_tags"": [], ""is_negative"": false, ""variable_type"": ""Control"", ""concept"": ""Pair of groups"", ""final_columns_derived_spec_ids"": [], ""final_columns_orig"": [""\ud83d\udfe8 dyad""], ""final_columns_derived"": [], ""final_columns_leaf_spec_ids"": [], ""column_rationales"": {""\ud83d\udfe8 dyad"": ""ID of specific dyad pair of groups""}, ""interaction"": false, ""rationale"": ""since there are repeated measures between groups, it is good idea to use the pair ID as control"", ""on"": """", ""random_effect"": false}",,,,,,,,
da2a6baf33744226a1bf7b5ad26540ce,,,,"{""time_stamp"": ""06-12-2024 at 09:45:05 PM"", ""tags"": [], ""read_only_tags"": [], ""is_negative"": false, ""specification"": ""Logistic Regression"", ""spec_name"": ""logistic_regression"", ""rationale"": ""We can start a simple logistic regression to analyze the RQ "", ""dependencies"": [], ""code"": ""import statsmodels.formula.api as smf\nLR_model = smf.logit('win ~ relative_size_diff * dist_focal', data=df)\nresult_LR_mdoel = LR_model .fit()\nresult_LR_mdoel.summary()"", ""associated_columns_derived_spec_ids"": [""ecce85958fe741939b135576511c798a""], ""associated_columns_orig"": [""\ud83d\udfe8 win"", ""\ud83d\udfe8 dist_focal""], ""associated_columns_derived"": [""\ud83d\udfe9 relative_size_diff""], ""associated_columns_leaf_spec_ids"": [""ecce85958fe741939b135576511c798a""], ""associated_specified_spec_ids"": [""ecce85958fe741939b135576511c798a""], ""annotator"": null}",,,,,,
5c664cda43584c00af63edac8caca3f8,,,,"{""time_stamp"": ""06-12-2024 at 09:33:35 PM"", ""tags"": [], ""read_only_tags"": [], ""is_negative"": false, ""specification"": ""Logistic Regression"", ""spec_name"": ""logistic_regression"", ""rationale"": ""We can start a simple logistic regression to analyze the RQ - with ratio as IV"", ""dependencies"": [], ""code"": ""import statsmodels.formula.api as smf\nLR_model = smf.logit('win ~ relative_size_ratio * relative_distance_ratio + relative_male_rate', data=df)\nresult_LR_mdoel = LR_model .fit()\nresult_LR_mdoel.summary()"", ""associated_columns_derived_spec_ids"": [""b0236c60e963490e8bf1a49fdc418e1f"", ""ROOT_SPEC_ID"", ""6bebacdbf906483fafc1b3f664778f00"", ""9bb41b3a71de4964a0e66b00e24451d7"", ""93ccc7ae4a254451b4cc1181c1853b3e"", ""4911b84dfaec4d08bfec8b837bf939f8""], ""associated_columns_orig"": [""\ud83d\udfe8 win""], ""associated_columns_derived"": [""\ud83d\udfe9 relative_size_ratio"", ""\ud83d\udfe9 relative_male_rate"", ""\ud83d\udfe9 relative_distance_ratio""], ""associated_columns_leaf_spec_ids"": [""6bebacdbf906483fafc1b3f664778f00"", ""b0236c60e963490e8bf1a49fdc418e1f"", ""93ccc7ae4a254451b4cc1181c1853b3e""], ""associated_specified_spec_ids"": [""6bebacdbf906483fafc1b3f664778f00""], ""annotator"": null}",,,,,,
3777608087d342fc995d6fae04729735,,,,"{""time_stamp"": ""06-12-2024 at 09:33:16 PM"", ""tags"": [], ""read_only_tags"": [], ""is_negative"": false, ""specification"": ""GEE Logistic regression"", ""spec_name"": ""gee_logistic_regression"", ""rationale"": ""Due to repeated measure for each pair, we can improve the estimation by using GEE since it is more robust and have less assumptions"", ""dependencies"": [], ""code"": ""gee_model_combined = smf.gee('win ~ relative_size _diff* dist_focal', groups='dyad', data=df, family=sm.families.Binomial())\nresult_gee_combined = gee_model_combined.fit()"", ""associated_columns_derived_spec_ids"": [""ecce85958fe741939b135576511c798a""], ""associated_columns_orig"": [""\ud83d\udfe8 win"", ""\ud83d\udfe8 dist_focal"", ""\ud83d\udfe8 dyad""], ""associated_columns_derived"": [""\ud83d\udfe9 relative_size_diff""], ""associated_columns_leaf_spec_ids"": [""ecce85958fe741939b135576511c798a""], ""associated_specified_spec_ids"": [""ecce85958fe741939b135576511c798a""], ""annotator"": null}",,,,,,
f282f28e168e468c8b3c5986d729c295,,,,"{""time_stamp"": ""06-12-2024 at 09:33:04 PM"", ""tags"": [], ""read_only_tags"": [], ""is_negative"": false, ""specification"": ""GEE Logistic regression"", ""spec_name"": ""gee_logistic_regression"", ""rationale"": ""Due to repeated measure for each pair, we can improve the estimation by using GEE since it is more robust and have less assumptions"", ""dependencies"": [], ""code"": ""gee_model_combined = smf.gee('win ~ relative_size _ratio* dist_focal', groups='dyad', data=df, family=sm.families.Binomial())\nresult_gee_combined = gee_model_combined.fit()"", ""associated_columns_derived_spec_ids"": [""6bebacdbf906483fafc1b3f664778f00""], ""associated_columns_orig"": [""\ud83d\udfe8 dist_focal"", ""\ud83d\udfe8 dyad"", ""\ud83d\udfe8 win""], ""associated_columns_derived"": [""\ud83d\udfe9 relative_size_ratio""], ""associated_columns_leaf_spec_ids"": [""6bebacdbf906483fafc1b3f664778f00""], ""associated_specified_spec_ids"": [""6bebacdbf906483fafc1b3f664778f00""], ""annotator"": null}",,,,,,
1ad5d1ba0a7d4a69a26fe35bd67753f5,,,,,,"{""time_stamp"": ""06-11-2024 at 12:40:52 AM"", ""annotator_labeled"": false, ""annotator_label"": null, ""annotator_explanation"": """", ""annotator_is_rationale_reasonable"": ""Yes"", ""rationale"": ""In some animal species, females also participate in intergroup contests and their participation could influence the outcome. Therefore, considering the relative number of females in the group could provide additional insights into the factors influencing the outcome of a capuchin monkey group contest."", ""annotator"": null, ""variable_type"": ""Control"", ""concept"": ""Relative number of females in the group"", ""columns"": [""f_focal"", ""n_focal"", ""f_other"", ""n_other""], ""interaction"": true, ""on"": ""Relative group size"", ""can_derive_from_data"": ""Yes"", ""is_reasonable"": ""Yes"", ""associated_cv_spec_id"": null}",,,,
f6c330fcc5164f3dbb404ddd11be531e,,,,,,"{""time_stamp"": ""06-11-2024 at 12:40:52 AM"", ""annotator_labeled"": false, ""annotator_label"": null, ""annotator_explanation"": ""Not sure why would we need another variable. given we have the relative number of female in other group created already"", ""annotator_is_rationale_reasonable"": ""Yes"", ""rationale"": ""The number of males in a group can influence the group's competitiveness, and thus may affect the outcome of the contest."", ""annotator"": null, ""variable_type"": ""Control"", ""concept"": ""Relative number of males in the other group"", ""columns"": [""m_other"", ""n_other""], ""interaction"": true, ""on"": ""Relative group size"", ""can_derive_from_data"": ""Yes"", ""is_reasonable"": ""Yes"", ""associated_cv_spec_id"": null}",,,,
50e0124b5a50408f88f77490f83872d2,,,,,,"{""time_stamp"": ""06-11-2024 at 12:40:52 AM"", ""annotator_labeled"": false, ""annotator_label"": null, ""annotator_explanation"": ""This should be the IV based on research question"", ""annotator_is_rationale_reasonable"": ""Yes"", ""rationale"": ""The proportion of females in the other group could potentially influence the dynamics of the intergroup contest and hence the outcome. Therefore, it is reasonable to include this as a variable in the analysis."", ""annotator"": null, ""variable_type"": ""Control"", ""concept"": ""Relative number of females in the other group"", ""columns"": [""f_other"", ""n_other""], ""interaction"": true, ""on"": ""Relative group size"", ""can_derive_from_data"": ""Yes"", ""is_reasonable"": ""Yes"", ""associated_cv_spec_id"": null}",,,,
69f9d5fde4094584910ae72a2d8e4bd5,,,,,,"{""time_stamp"": ""06-11-2024 at 12:40:52 AM"", ""annotator_labeled"": false, ""annotator_label"": null, ""annotator_explanation"": ""although conceptually, this is good to have, the actual size of each group is so small and the ratio of male is also not very different"", ""annotator_is_rationale_reasonable"": ""Yes"", ""rationale"": ""groups with higher male to female ratios may be more likely to win"", ""annotator"": null, ""variable_type"": ""Control"", ""concept"": ""Relative number of male in the group"", ""columns"": [""m_other"", ""f_other"", ""m_focal"", ""f_focal""], ""interaction"": false, ""on"": """", ""can_derive_from_data"": ""Yes"", ""is_reasonable"": ""Yes"", ""associated_cv_spec_id"": ""319a13fed406429ea7dcb73b96250b4f""}",,,,
69857c7d4b6d499bbd57ff61859a868e,,,,,,,"{""time_stamp"": ""06-11-2024 at 12:53:48 AM"", ""annotator_labeled"": false, ""annotator_label"": null, ""annotator_explanation"": """", ""annotator_is_rationale_reasonable"": ""Yes"", ""rationale"": ""The current transformations are considering the relative size of the groups by taking the ratio of the number of individuals in the focal group to the number of individuals in the other group. They are also considering the difference in the number of individuals in the two groups. However, they are not considering the gender composition of the groups. An alternative transformation could be to consider the ratio of males to females in both groups, which might also influence the outcome of the contest."", ""annotator"": null, ""code"": ""df['male_to_female_ratio_focal'] = df['m_focal'] / df['f_focal']\ndf['male_to_female_ratio_other'] = df['m_other'] / df['f_other']\ndf['relative_male_to_female_ratio'] = df['male_to_female_ratio_focal'] / df[\n    'male_to_female_ratio_other']\n"", ""output_col"": ""relative_male_to_female_ratio"", ""associated_cvar_spec_id"": ""894cce95d8fc4000920c211cd3ff7c48"", ""associated_cvar_spec"": {""time_stamp"": null, ""tags"": [], ""read_only_tags"": [], ""is_negative"": false, ""variable_type"": ""IV"", ""concept"": ""Relative size of two groups"", ""final_columns_derived_spec_ids"": [""6bebacdbf906483fafc1b3f664778f00"", ""9eb3baff6aeb4184bfdff9d470208274"", ""ecce85958fe741939b135576511c798a"", ""6dc398eaea234ffea1f411e270e909c9"", ""533d5325cbbb4bf8ae7ae9d4414fd25b"", ""ROOT_SPEC_ID"", ""1bf5911565134848a6277f698bb8a53f""], ""final_columns_orig"": [], ""final_columns_derived"": [""\ud83d\udfe9 relative_size_ratio"", ""\ud83d\udfe9 relative_group_size"", ""\ud83d\udfe9 relative_size_diff"", ""\ud83d\udfe9 relative_group_size""], ""final_columns_leaf_spec_ids"": [""6bebacdbf906483fafc1b3f664778f00"", ""9eb3baff6aeb4184bfdff9d470208274"", ""ecce85958fe741939b135576511c798a"", ""1bf5911565134848a6277f698bb8a53f""], ""column_rationales"": {}, ""interaction"": false, ""rationale"": """", ""on"": """", ""random_effect"": false, ""annotator"": null}, ""is_suited_to_cv"": ""Yes"", ""is_steps_reasonable"": ""Yes"", ""associated_tspec_ids"": [], ""state_col_val_hash"": null}",,,
63fa8078d2f04e8381cfdd5c2a9e8042,,,,,,,"{""time_stamp"": ""06-11-2024 at 12:53:48 AM"", ""annotator_labeled"": false, ""annotator_label"": null, ""annotator_explanation"": """", ""annotator_is_rationale_reasonable"": ""Yes"", ""rationale"": ""The existing transformations have considered the relative distance from the focal group to the center of its home range compared to the other group. They have also considered scaling these distances and even the gender ratios in the groups. However, one aspect that hasn't been considered yet is the ratio of the distances of the focal group and the other group from the center of their home ranges. This could provide a different perspective on the relative contest distance from the focal group."", ""annotator"": null, ""code"": ""df['distance_ratio'] = df['dist_focal'] / df['dist_other']\n"", ""output_col"": ""distance_ratio"", ""associated_cvar_spec_id"": ""1a45d4a4eb574fd8a81427af9aa3e676"", ""associated_cvar_spec"": {""time_stamp"": null, ""tags"": [], ""read_only_tags"": [], ""is_negative"": false, ""variable_type"": ""IV"", ""concept"": ""Relative contest distance from focal group"", ""final_columns_derived_spec_ids"": [""ab04a760171049f3a3969926ea0cb96f"", ""6dc398eaea234ffea1f411e270e909c9"", ""533d5325cbbb4bf8ae7ae9d4414fd25b"", ""ROOT_SPEC_ID"", ""1bf5911565134848a6277f698bb8a53f""], ""final_columns_orig"": [""\ud83d\udfe8 dist_focal""], ""final_columns_derived"": [""\ud83d\udfe9 relative_distance"", ""\ud83d\udfe9 relative_dist"", ""\ud83d\udfe9 relative_dist_scaled""], ""final_columns_leaf_spec_ids"": [""ab04a760171049f3a3969926ea0cb96f"", ""1bf5911565134848a6277f698bb8a53f"", ""1bf5911565134848a6277f698bb8a53f""], ""column_rationales"": {}, ""interaction"": false, ""rationale"": """", ""on"": """", ""random_effect"": false, ""annotator"": null}, ""is_suited_to_cv"": ""Yes"", ""is_steps_reasonable"": ""Yes"", ""associated_tspec_ids"": [], ""state_col_val_hash"": null}",,,
59eb88e2737e40b1bda5bdccd3fd511e,,,,,,,"{""time_stamp"": ""06-11-2024 at 12:53:48 AM"", ""annotator_labeled"": false, ""annotator_label"": null, ""annotator_explanation"": """", ""annotator_is_rationale_reasonable"": ""Yes"", ""rationale"": ""The existing transformations operationalize the conceptual variable 'Relative contest distance from focal group' by creating new variables such as 'relative_dist', 'relative_dist_scaled', 'relative_distance', and 'distance_ratio'. These variables are derived by subtracting 'dist_other' from 'dist_focal' or dividing 'dist_focal' by 'dist_other'. \n\nAnother approach could be to calculate the 'relative_distance_percentage' which represents the relative distance of the focal group from the center of its home range as a percentage of the total distance of both groups from their respective home range centers. This could provide a more normalized measure of the relative distance."", ""annotator"": null, ""code"": ""df['relative_distance_percentage'] = df['dist_focal'] / (df['dist_focal'] +\n    df['dist_other']) * 100\n"", ""output_col"": ""relative_distance_percentage"", ""associated_cvar_spec_id"": ""1a45d4a4eb574fd8a81427af9aa3e676"", ""associated_cvar_spec"": {""time_stamp"": null, ""tags"": [], ""read_only_tags"": [], ""is_negative"": false, ""variable_type"": ""IV"", ""concept"": ""Relative contest distance from focal group"", ""final_columns_derived_spec_ids"": [""ab04a760171049f3a3969926ea0cb96f"", ""6dc398eaea234ffea1f411e270e909c9"", ""533d5325cbbb4bf8ae7ae9d4414fd25b"", ""ROOT_SPEC_ID"", ""1bf5911565134848a6277f698bb8a53f""], ""final_columns_orig"": [""\ud83d\udfe8 dist_focal""], ""final_columns_derived"": [""\ud83d\udfe9 relative_distance"", ""\ud83d\udfe9 relative_dist"", ""\ud83d\udfe9 relative_dist_scaled""], ""final_columns_leaf_spec_ids"": [""ab04a760171049f3a3969926ea0cb96f"", ""1bf5911565134848a6277f698bb8a53f"", ""1bf5911565134848a6277f698bb8a53f""], ""column_rationales"": {}, ""interaction"": false, ""rationale"": """", ""on"": """", ""random_effect"": false, ""annotator"": null}, ""is_suited_to_cv"": ""Yes"", ""is_steps_reasonable"": ""Yes"", ""associated_tspec_ids"": [], ""state_col_val_hash"": null}",,,
9ffa1a7967d448bc9af58eb82a944394,,,,,,,"{""time_stamp"": ""06-11-2024 at 12:53:48 AM"", ""annotator_labeled"": false, ""annotator_label"": null, ""annotator_explanation"": ""scaling have no actual impact on linear model's results"", ""annotator_is_rationale_reasonable"": ""Yes"", ""rationale"": ""The existing transformations attempt to operationalize the relative contest distance from the focal group in various ways - by computing the difference in distances, the ratio of distances, and the percentage difference in distances. They also consider scaling the distances and incorporating gender ratios. An alternative transformation could be to normalize the distances by the maximum distance in the dataset, and then compute the relative distance. This would provide a measure of relative distance that is scaled between 0 and 1, which could be useful for certain types of analyses."", ""annotator"": null, ""code"": ""max_distance = max(df['dist_focal'].max(), df['dist_other'].max())\ndf['dist_focal_norm'] = df['dist_focal'] / max_distance\ndf['dist_other_norm'] = df['dist_other'] / max_distance\ndf['relative_dist_norm'] = df['dist_focal_norm'] - df['dist_other_norm']\n"", ""output_col"": ""relative_dist_norm"", ""associated_cvar_spec_id"": ""1a45d4a4eb574fd8a81427af9aa3e676"", ""associated_cvar_spec"": {""time_stamp"": null, ""tags"": [], ""read_only_tags"": [], ""is_negative"": false, ""variable_type"": ""IV"", ""concept"": ""Relative contest distance from focal group"", ""final_columns_derived_spec_ids"": [""ab04a760171049f3a3969926ea0cb96f"", ""6dc398eaea234ffea1f411e270e909c9"", ""533d5325cbbb4bf8ae7ae9d4414fd25b"", ""ROOT_SPEC_ID"", ""1bf5911565134848a6277f698bb8a53f""], ""final_columns_orig"": [""\ud83d\udfe8 dist_focal""], ""final_columns_derived"": [""\ud83d\udfe9 relative_distance"", ""\ud83d\udfe9 relative_dist"", ""\ud83d\udfe9 relative_dist_scaled""], ""final_columns_leaf_spec_ids"": [""ab04a760171049f3a3969926ea0cb96f"", ""1bf5911565134848a6277f698bb8a53f"", ""1bf5911565134848a6277f698bb8a53f""], ""column_rationales"": {}, ""interaction"": false, ""rationale"": """", ""on"": """", ""random_effect"": false, ""annotator"": null}, ""is_suited_to_cv"": ""Yes"", ""is_steps_reasonable"": ""Yes"", ""associated_tspec_ids"": [], ""state_col_val_hash"": null}",,,
5b91e380ccf241b1a4b0417706e6eded,,,,,,,"{""time_stamp"": ""06-11-2024 at 12:53:48 AM"", ""annotator_labeled"": false, ""annotator_label"": null, ""annotator_explanation"": ""it will lose the sign, which I am not sure will be a good idea. "", ""annotator_is_rationale_reasonable"": ""No"", ""rationale"": ""The existing transformations take into account various ways to represent the relative distance of the contest from the focal group. They consider the direct difference between the distances, the ratio of the distances, the normalized difference, and the percentage representation of the relative distance. An alternative transformation can be to consider the square of the difference between the focal group's distance and the other group's distance. This transformation can highlight larger differences in distances as the square of a number is greater than the number itself for numbers greater than 1."", ""annotator"": null, ""code"": ""df['relative_dist_squared'] = (df['dist_focal'] - df['dist_other']) ** 2\n"", ""output_col"": ""relative_dist_squared"", ""associated_cvar_spec_id"": ""1a45d4a4eb574fd8a81427af9aa3e676"", ""associated_cvar_spec"": {""time_stamp"": null, ""tags"": [], ""read_only_tags"": [], ""is_negative"": false, ""variable_type"": ""IV"", ""concept"": ""Relative contest distance from focal group"", ""final_columns_derived_spec_ids"": [""ab04a760171049f3a3969926ea0cb96f"", ""6dc398eaea234ffea1f411e270e909c9"", ""533d5325cbbb4bf8ae7ae9d4414fd25b"", ""ROOT_SPEC_ID"", ""1bf5911565134848a6277f698bb8a53f""], ""final_columns_orig"": [""\ud83d\udfe8 dist_focal""], ""final_columns_derived"": [""\ud83d\udfe9 relative_distance"", ""\ud83d\udfe9 relative_dist"", ""\ud83d\udfe9 relative_dist_scaled""], ""final_columns_leaf_spec_ids"": [""ab04a760171049f3a3969926ea0cb96f"", ""1bf5911565134848a6277f698bb8a53f"", ""1bf5911565134848a6277f698bb8a53f""], ""column_rationales"": {}, ""interaction"": false, ""rationale"": """", ""on"": """", ""random_effect"": false, ""annotator"": null}, ""is_suited_to_cv"": ""No"", ""is_steps_reasonable"": ""Yes"", ""associated_tspec_ids"": [], ""state_col_val_hash"": null}",,,
619c5925c6ee4269a6aaa7876d75cbca,,,,,,,"{""time_stamp"": ""06-11-2024 at 12:53:48 AM"", ""annotator_labeled"": false, ""annotator_label"": null, ""annotator_explanation"": ""The sign information is important for this particular research question "", ""annotator_is_rationale_reasonable"": ""No"", ""rationale"": ""The existing transformations have considered the relative distance between the focal group and other group in various ways such as direct difference, ratio, percentage difference, normalized difference and squared difference. Another possible transformation could be the absolute difference in distances which would ignore the direction of the difference but still give the magnitude of difference."", ""annotator"": null, ""code"": ""df['absolute_dist_diff'] = abs(df['dist_focal'] - df['dist_other'])\n"", ""output_col"": ""absolute_dist_diff"", ""associated_cvar_spec_id"": ""1a45d4a4eb574fd8a81427af9aa3e676"", ""associated_cvar_spec"": {""time_stamp"": null, ""tags"": [], ""read_only_tags"": [], ""is_negative"": false, ""variable_type"": ""IV"", ""concept"": ""Relative contest distance from focal group"", ""final_columns_derived_spec_ids"": [""ab04a760171049f3a3969926ea0cb96f"", ""6dc398eaea234ffea1f411e270e909c9"", ""533d5325cbbb4bf8ae7ae9d4414fd25b"", ""ROOT_SPEC_ID"", ""1bf5911565134848a6277f698bb8a53f""], ""final_columns_orig"": [""\ud83d\udfe8 dist_focal""], ""final_columns_derived"": [""\ud83d\udfe9 relative_distance"", ""\ud83d\udfe9 relative_dist"", ""\ud83d\udfe9 relative_dist_scaled""], ""final_columns_leaf_spec_ids"": [""ab04a760171049f3a3969926ea0cb96f"", ""1bf5911565134848a6277f698bb8a53f"", ""1bf5911565134848a6277f698bb8a53f""], ""column_rationales"": {}, ""interaction"": false, ""rationale"": """", ""on"": """", ""random_effect"": false, ""annotator"": null}, ""is_suited_to_cv"": ""No"", ""is_steps_reasonable"": ""Yes"", ""associated_tspec_ids"": [], ""state_col_val_hash"": null}",,,
0d3ccad99c134f2f8acb1f3f2cd88d23,,,,,,,"{""time_stamp"": ""06-11-2024 at 12:53:48 AM"", ""annotator_labeled"": false, ""annotator_label"": null, ""annotator_explanation"": """", ""annotator_is_rationale_reasonable"": ""Yes"", ""rationale"": ""The existing transformations consider the relative distance between the focal group and the other group, the scaled relative distance, the ratio of distances, and the absolute difference in distances. However, we could also consider the squared ratio of distances, as this transformation would emphasize larger differences in distances. This might be relevant if larger differences in distances have a greater impact on the outcome of the contest."", ""annotator"": null, ""code"": ""df['squared_distance_ratio'] = (df['dist_focal'] / df['dist_other']) ** 2\n"", ""output_col"": ""squared_distance_ratio"", ""associated_cvar_spec_id"": ""1a45d4a4eb574fd8a81427af9aa3e676"", ""associated_cvar_spec"": {""time_stamp"": null, ""tags"": [], ""read_only_tags"": [], ""is_negative"": false, ""variable_type"": ""IV"", ""concept"": ""Relative contest distance from focal group"", ""final_columns_derived_spec_ids"": [""ab04a760171049f3a3969926ea0cb96f"", ""6dc398eaea234ffea1f411e270e909c9"", ""533d5325cbbb4bf8ae7ae9d4414fd25b"", ""ROOT_SPEC_ID"", ""1bf5911565134848a6277f698bb8a53f""], ""final_columns_orig"": [""\ud83d\udfe8 dist_focal""], ""final_columns_derived"": [""\ud83d\udfe9 relative_distance"", ""\ud83d\udfe9 relative_dist"", ""\ud83d\udfe9 relative_dist_scaled""], ""final_columns_leaf_spec_ids"": [""ab04a760171049f3a3969926ea0cb96f"", ""1bf5911565134848a6277f698bb8a53f"", ""1bf5911565134848a6277f698bb8a53f""], ""column_rationales"": {}, ""interaction"": false, ""rationale"": """", ""on"": """", ""random_effect"": false, ""annotator"": null}, ""is_suited_to_cv"": ""Yes"", ""is_steps_reasonable"": ""Yes"", ""associated_tspec_ids"": [], ""state_col_val_hash"": null}",,,
f304bd0cc06c497dab001f06bffea15f,,,,,,,"{""time_stamp"": ""06-11-2024 at 12:53:48 AM"", ""annotator_labeled"": false, ""annotator_label"": null, ""annotator_explanation"": """", ""annotator_is_rationale_reasonable"": ""Yes"", ""rationale"": ""We want to operationalize the relative contest distance from the focal group based on the available data. The currently specified transformations consider various ways to represent the relative distance such as direct difference, scaled difference, normalized difference, absolute difference, and ratio of distances. Another way to represent the relative distance could be the logarithm of the ratio of distances which could help in dealing with large differences in the distances and help in achieving a more normal distribution of the variable."", ""annotator"": null, ""code"": ""df['log_distance_ratio'] = np.log(df['dist_focal'] / df['dist_other'])\n"", ""output_col"": ""log_distance_ratio"", ""associated_cvar_spec_id"": ""1a45d4a4eb574fd8a81427af9aa3e676"", ""associated_cvar_spec"": {""time_stamp"": null, ""tags"": [], ""read_only_tags"": [], ""is_negative"": false, ""variable_type"": ""IV"", ""concept"": ""Relative contest distance from focal group"", ""final_columns_derived_spec_ids"": [""ab04a760171049f3a3969926ea0cb96f"", ""6dc398eaea234ffea1f411e270e909c9"", ""533d5325cbbb4bf8ae7ae9d4414fd25b"", ""ROOT_SPEC_ID"", ""1bf5911565134848a6277f698bb8a53f""], ""final_columns_orig"": [""\ud83d\udfe8 dist_focal""], ""final_columns_derived"": [""\ud83d\udfe9 relative_distance"", ""\ud83d\udfe9 relative_dist"", ""\ud83d\udfe9 relative_dist_scaled""], ""final_columns_leaf_spec_ids"": [""ab04a760171049f3a3969926ea0cb96f"", ""1bf5911565134848a6277f698bb8a53f"", ""1bf5911565134848a6277f698bb8a53f""], ""column_rationales"": {}, ""interaction"": false, ""rationale"": """", ""on"": """", ""random_effect"": false, ""annotator"": null}, ""is_suited_to_cv"": ""Yes"", ""is_steps_reasonable"": ""Yes"", ""associated_tspec_ids"": [], ""state_col_val_hash"": null}",,,
482eb9cbfdc64d0c90b3bf91e1f0e763,,,,,,,"{""time_stamp"": ""06-11-2024 at 12:53:48 AM"", ""annotator_labeled"": false, ""annotator_label"": null, ""annotator_explanation"": """", ""annotator_is_rationale_reasonable"": ""Yes"", ""rationale"": ""The existing transformations consider the ratio of males to total individuals in the group, and the ratio of males to females in the group. Another way to consider this could be based on the difference in number of males between the focal group and the other group. This could provide a direct measure of the relative number of males in the group."", ""annotator"": null, ""code"": ""df['relative_male_count'] = df['m_focal'] - df['m_other']\n"", ""output_col"": ""relative_male_count"", ""associated_cvar_spec_id"": ""687fd3d1060f46c3808d2dd0b244526a"", ""associated_cvar_spec"": {""time_stamp"": null, ""tags"": [], ""read_only_tags"": [], ""is_negative"": false, ""variable_type"": ""IV"", ""concept"": ""Relative number of male in the group"", ""final_columns_derived_spec_ids"": [""0b19368f446946c88a6895b646edb6ff"", ""b96e01e948a24a979ee2813f04862a56"", ""6dc398eaea234ffea1f411e270e909c9"", ""533d5325cbbb4bf8ae7ae9d4414fd25b"", ""ROOT_SPEC_ID"", ""1bf5911565134848a6277f698bb8a53f""], ""final_columns_orig"": [], ""final_columns_derived"": [""\ud83d\udfe9 male_rate_other"", ""\ud83d\udfe9 male_rate_focal"", ""\ud83d\udfe9 relative_gender_ratio""], ""final_columns_leaf_spec_ids"": [""0b19368f446946c88a6895b646edb6ff"", ""b96e01e948a24a979ee2813f04862a56"", ""1bf5911565134848a6277f698bb8a53f""], ""column_rationales"": {}, ""interaction"": false, ""rationale"": """", ""on"": """", ""random_effect"": false, ""annotator"": null}, ""is_suited_to_cv"": ""Yes"", ""is_steps_reasonable"": ""Yes"", ""associated_tspec_ids"": [], ""state_col_val_hash"": null}",,,
bc96aac62be7456690cdcff8590ef404,,,,,,,"{""time_stamp"": ""06-11-2024 at 12:53:48 AM"", ""annotator_labeled"": false, ""annotator_label"": null, ""annotator_explanation"": ""again, this is very similar to a previous transformation. it seems LLM is duplicating similar transformation with just different variable names.  "", ""annotator_is_rationale_reasonable"": ""Unsure"", ""rationale"": ""The existing transformations have already considered the ratio of male to female in each group, the difference in the number of males between the two groups, and the difference in the male to female ratio between the two groups. However, we can also consider the difference in the ratio of males to total members between the two groups as another representation of the relative number of males in the group."", ""annotator"": null, ""code"": ""df['relative_male_rate'] = df['male_rate_focal'] - df['male_rate_other']\n"", ""output_col"": ""relative_male_rate"", ""associated_cvar_spec_id"": ""687fd3d1060f46c3808d2dd0b244526a"", ""associated_cvar_spec"": {""time_stamp"": null, ""tags"": [], ""read_only_tags"": [], ""is_negative"": false, ""variable_type"": ""IV"", ""concept"": ""Relative number of male in the group"", ""final_columns_derived_spec_ids"": [""0b19368f446946c88a6895b646edb6ff"", ""b96e01e948a24a979ee2813f04862a56"", ""6dc398eaea234ffea1f411e270e909c9"", ""533d5325cbbb4bf8ae7ae9d4414fd25b"", ""ROOT_SPEC_ID"", ""1bf5911565134848a6277f698bb8a53f""], ""final_columns_orig"": [], ""final_columns_derived"": [""\ud83d\udfe9 male_rate_other"", ""\ud83d\udfe9 male_rate_focal"", ""\ud83d\udfe9 relative_gender_ratio""], ""final_columns_leaf_spec_ids"": [""0b19368f446946c88a6895b646edb6ff"", ""b96e01e948a24a979ee2813f04862a56"", ""1bf5911565134848a6277f698bb8a53f""], ""column_rationales"": {}, ""interaction"": false, ""rationale"": """", ""on"": """", ""random_effect"": false, ""annotator"": null}, ""is_suited_to_cv"": ""Yes"", ""is_steps_reasonable"": ""Yes"", ""associated_tspec_ids"": [], ""state_col_val_hash"": null}",,,
f3f13260fc2a4ea6ac295c2a2d732b86,,,,,,,"{""time_stamp"": ""06-11-2024 at 12:53:48 AM"", ""annotator_labeled"": false, ""annotator_label"": null, ""annotator_explanation"": ""Not exactly sure how this is going to be used in the model. "", ""annotator_is_rationale_reasonable"": ""Yes"", ""rationale"": ""The existing transformations have considered the ratio of males to total individuals in the group, ratio of males to females in the group, and the difference in male count between the focal and other groups. Another alternative transformation could be to create a binary variable that indicates if the focal group has more males than the other group."", ""annotator"": null, ""code"": ""df['focal_has_more_males'] = (df['m_focal'] > df['m_other']).astype(int)\n"", ""output_col"": ""focal_has_more_males"", ""associated_cvar_spec_id"": ""687fd3d1060f46c3808d2dd0b244526a"", ""associated_cvar_spec"": {""time_stamp"": null, ""tags"": [], ""read_only_tags"": [], ""is_negative"": false, ""variable_type"": ""IV"", ""concept"": ""Relative number of male in the group"", ""final_columns_derived_spec_ids"": [""0b19368f446946c88a6895b646edb6ff"", ""b96e01e948a24a979ee2813f04862a56"", ""6dc398eaea234ffea1f411e270e909c9"", ""533d5325cbbb4bf8ae7ae9d4414fd25b"", ""ROOT_SPEC_ID"", ""1bf5911565134848a6277f698bb8a53f""], ""final_columns_orig"": [], ""final_columns_derived"": [""\ud83d\udfe9 male_rate_other"", ""\ud83d\udfe9 male_rate_focal"", ""\ud83d\udfe9 relative_gender_ratio""], ""final_columns_leaf_spec_ids"": [""0b19368f446946c88a6895b646edb6ff"", ""b96e01e948a24a979ee2813f04862a56"", ""1bf5911565134848a6277f698bb8a53f""], ""column_rationales"": {}, ""interaction"": false, ""rationale"": """", ""on"": """", ""random_effect"": false, ""annotator"": null}, ""is_suited_to_cv"": ""Yes"", ""is_steps_reasonable"": ""Yes"", ""associated_tspec_ids"": [], ""state_col_val_hash"": null}",,,
b1b18ac64e704b058c6c96ac91671098,,,,,,,"{""time_stamp"": ""06-11-2024 at 12:53:48 AM"", ""annotator_labeled"": false, ""annotator_label"": null, ""annotator_explanation"": ""seems  very similar to a previous transformation "", ""annotator_is_rationale_reasonable"": ""Unsure"", ""rationale"": ""The existing transformations calculate the relative number of males in the group by considering the male to female ratio, the relative distance of the groups from the center of their home range, and whether the focal group has more males than the other group. Another way to operationalize the relative number of males in the group could be by considering the proportion of males to the total number of individuals in the group. This would give us an idea of the male dominance in each group, which could potentially influence the outcome of the contest."", ""annotator"": null, ""code"": ""df['male_dominance_focal'] = df['m_focal'] / df['n_focal']\ndf['male_dominance_other'] = df['m_other'] / df['n_other']\ndf['relative_male_dominance'] = df['male_dominance_focal'] - df[\n    'male_dominance_other']\n"", ""output_col"": ""relative_male_dominance"", ""associated_cvar_spec_id"": ""687fd3d1060f46c3808d2dd0b244526a"", ""associated_cvar_spec"": {""time_stamp"": null, ""tags"": [], ""read_only_tags"": [], ""is_negative"": false, ""variable_type"": ""IV"", ""concept"": ""Relative number of male in the group"", ""final_columns_derived_spec_ids"": [""0b19368f446946c88a6895b646edb6ff"", ""b96e01e948a24a979ee2813f04862a56"", ""6dc398eaea234ffea1f411e270e909c9"", ""533d5325cbbb4bf8ae7ae9d4414fd25b"", ""ROOT_SPEC_ID"", ""1bf5911565134848a6277f698bb8a53f""], ""final_columns_orig"": [], ""final_columns_derived"": [""\ud83d\udfe9 male_rate_other"", ""\ud83d\udfe9 male_rate_focal"", ""\ud83d\udfe9 relative_gender_ratio""], ""final_columns_leaf_spec_ids"": [""0b19368f446946c88a6895b646edb6ff"", ""b96e01e948a24a979ee2813f04862a56"", ""1bf5911565134848a6277f698bb8a53f""], ""column_rationales"": {}, ""interaction"": false, ""rationale"": """", ""on"": """", ""random_effect"": false, ""annotator"": null}, ""is_suited_to_cv"": ""Yes"", ""is_steps_reasonable"": ""Yes"", ""associated_tspec_ids"": [], ""state_col_val_hash"": null}",,,
b237ec7d36bd43e28d5c3be13e5327ab,,,,,,,"{""time_stamp"": ""06-11-2024 at 12:53:48 AM"", ""annotator_labeled"": false, ""annotator_label"": null, ""annotator_explanation"": """", ""annotator_is_rationale_reasonable"": ""Yes"", ""rationale"": ""We want to operationalize the relative number of males in the group based on the available data. The currently specified transforms consider the ratio of males to total individuals in the group, the difference in the number of males between the focal and other group, and the difference in the ratio of males to total individuals between the focal and other group. Another way to consider calculating the relative number of males could be based on the ratio of males to females in the group, and the difference in this ratio between the focal and other group."", ""annotator"": null, ""code"": ""df['male_to_female_ratio_focal'] = df['m_focal'] / df['f_focal']\ndf['male_to_female_ratio_other'] = df['m_other'] / df['f_other']\ndf['relative_male_to_female_ratio'] = df['male_to_female_ratio_focal'] - df[\n    'male_to_female_ratio_other']\n"", ""output_col"": ""relative_male_to_female_ratio"", ""associated_cvar_spec_id"": ""687fd3d1060f46c3808d2dd0b244526a"", ""associated_cvar_spec"": {""time_stamp"": null, ""tags"": [], ""read_only_tags"": [], ""is_negative"": false, ""variable_type"": ""IV"", ""concept"": ""Relative number of male in the group"", ""final_columns_derived_spec_ids"": [""0b19368f446946c88a6895b646edb6ff"", ""b96e01e948a24a979ee2813f04862a56"", ""6dc398eaea234ffea1f411e270e909c9"", ""533d5325cbbb4bf8ae7ae9d4414fd25b"", ""ROOT_SPEC_ID"", ""1bf5911565134848a6277f698bb8a53f""], ""final_columns_orig"": [], ""final_columns_derived"": [""\ud83d\udfe9 male_rate_other"", ""\ud83d\udfe9 male_rate_focal"", ""\ud83d\udfe9 relative_gender_ratio""], ""final_columns_leaf_spec_ids"": [""0b19368f446946c88a6895b646edb6ff"", ""b96e01e948a24a979ee2813f04862a56"", ""1bf5911565134848a6277f698bb8a53f""], ""column_rationales"": {}, ""interaction"": false, ""rationale"": """", ""on"": """", ""random_effect"": false, ""annotator"": null}, ""is_suited_to_cv"": ""Yes"", ""is_steps_reasonable"": ""Yes"", ""associated_tspec_ids"": [], ""state_col_val_hash"": null}",,,
eed1dabae83448eda21feeb1a16c6765,,,,,,,"{""time_stamp"": ""06-11-2024 at 12:53:48 AM"", ""annotator_labeled"": false, ""annotator_label"": null, ""annotator_explanation"": ""Not sure how this is going to be used in a model. because RQ asked about the effect of group size. May be this current transformation is more focused on male size difference"", ""annotator_is_rationale_reasonable"": ""Unsure"", ""rationale"": ""The existing transformations have already covered the absolute and relative counts, proportions, and ratios of males in the focal and other groups. They have also considered the dominance of males in the groups. One transformation that has not been considered yet is the difference in the number of males between the focal and other groups as a proportion of the total number of individuals in both groups. This transformation would give us a sense of the relative difference in the number of males between the two groups, normalized by the total group sizes."", ""annotator"": null, ""code"": ""df['relative_difference_in_males'] = (df['m_focal'] - df['m_other']) / (df[\n    'n_focal'] + df['n_other'])\n"", ""output_col"": ""relative_difference_in_males"", ""associated_cvar_spec_id"": ""687fd3d1060f46c3808d2dd0b244526a"", ""associated_cvar_spec"": {""time_stamp"": null, ""tags"": [], ""read_only_tags"": [], ""is_negative"": false, ""variable_type"": ""IV"", ""concept"": ""Relative number of male in the group"", ""final_columns_derived_spec_ids"": [""0b19368f446946c88a6895b646edb6ff"", ""b96e01e948a24a979ee2813f04862a56"", ""6dc398eaea234ffea1f411e270e909c9"", ""533d5325cbbb4bf8ae7ae9d4414fd25b"", ""ROOT_SPEC_ID"", ""1bf5911565134848a6277f698bb8a53f""], ""final_columns_orig"": [], ""final_columns_derived"": [""\ud83d\udfe9 male_rate_other"", ""\ud83d\udfe9 male_rate_focal"", ""\ud83d\udfe9 relative_gender_ratio""], ""final_columns_leaf_spec_ids"": [""0b19368f446946c88a6895b646edb6ff"", ""b96e01e948a24a979ee2813f04862a56"", ""1bf5911565134848a6277f698bb8a53f""], ""column_rationales"": {}, ""interaction"": false, ""rationale"": """", ""on"": """", ""random_effect"": false, ""annotator"": null}, ""is_suited_to_cv"": ""Yes"", ""is_steps_reasonable"": ""Yes"", ""associated_tspec_ids"": [], ""state_col_val_hash"": null}",,,
2f999bec583e4b3aa2045e10a361830d,,,,,,,"{""time_stamp"": ""06-11-2024 at 12:53:48 AM"", ""annotator_labeled"": false, ""annotator_label"": null, ""annotator_explanation"": """", ""annotator_is_rationale_reasonable"": ""Yes"", ""rationale"": ""We want to operationalize the relative number of males in the group based on the available data. The currently specified transforms consider the ratio of males to total individuals in the group, the difference in male count between the focal and other groups, and the ratio of males to females in the group, among other decisions. Another way to consider calculating the relative number of males could be based on the proportion of males in the focal group to the total number of males in both groups."", ""annotator"": null, ""code"": ""df['relative_proportion_males'] = df['m_focal'] / (df['m_focal'] + df[\n    'm_other'])\n"", ""output_col"": ""relative_proportion_males"", ""associated_cvar_spec_id"": ""687fd3d1060f46c3808d2dd0b244526a"", ""associated_cvar_spec"": {""time_stamp"": null, ""tags"": [], ""read_only_tags"": [], ""is_negative"": false, ""variable_type"": ""IV"", ""concept"": ""Relative number of male in the group"", ""final_columns_derived_spec_ids"": [""0b19368f446946c88a6895b646edb6ff"", ""b96e01e948a24a979ee2813f04862a56"", ""6dc398eaea234ffea1f411e270e909c9"", ""533d5325cbbb4bf8ae7ae9d4414fd25b"", ""ROOT_SPEC_ID"", ""1bf5911565134848a6277f698bb8a53f""], ""final_columns_orig"": [], ""final_columns_derived"": [""\ud83d\udfe9 male_rate_other"", ""\ud83d\udfe9 male_rate_focal"", ""\ud83d\udfe9 relative_gender_ratio""], ""final_columns_leaf_spec_ids"": [""0b19368f446946c88a6895b646edb6ff"", ""b96e01e948a24a979ee2813f04862a56"", ""1bf5911565134848a6277f698bb8a53f""], ""column_rationales"": {}, ""interaction"": false, ""rationale"": """", ""on"": """", ""random_effect"": false, ""annotator"": null}, ""is_suited_to_cv"": ""Yes"", ""is_steps_reasonable"": ""Yes"", ""associated_tspec_ids"": [], ""state_col_val_hash"": null}",,,
e14d4aec0ab74f7b9a1d5f9715d0b5bf,,,,,,,"{""time_stamp"": ""06-11-2024 at 12:53:48 AM"", ""annotator_labeled"": false, ""annotator_label"": null, ""annotator_explanation"": """", ""annotator_is_rationale_reasonable"": ""Yes"", ""rationale"": ""We want to operationalize the relative number of males in the group. The existing transformations consider the ratio of males to total number of individuals, the difference in the number of males between the focal and other group, the difference in the ratio of males to females between the two groups, the difference in the proportion of males between the two groups, and a binary variable indicating whether the focal group has more males than the other group. Another way to consider calculating the relative number of males could be based on the ratio of the number of males to the number of females in the group."", ""annotator"": null, ""code"": ""df['male_to_female_ratio_focal'] = df['m_focal'] / df['f_focal']\ndf['male_to_female_ratio_other'] = df['m_other'] / df['f_other']\ndf['relative_male_to_female_ratio'] = df['male_to_female_ratio_focal'] - df[\n    'male_to_female_ratio_other']\n"", ""output_col"": ""relative_male_to_female_ratio"", ""associated_cvar_spec_id"": ""687fd3d1060f46c3808d2dd0b244526a"", ""associated_cvar_spec"": {""time_stamp"": null, ""tags"": [], ""read_only_tags"": [], ""is_negative"": false, ""variable_type"": ""IV"", ""concept"": ""Relative number of male in the group"", ""final_columns_derived_spec_ids"": [""0b19368f446946c88a6895b646edb6ff"", ""b96e01e948a24a979ee2813f04862a56"", ""6dc398eaea234ffea1f411e270e909c9"", ""533d5325cbbb4bf8ae7ae9d4414fd25b"", ""ROOT_SPEC_ID"", ""1bf5911565134848a6277f698bb8a53f""], ""final_columns_orig"": [], ""final_columns_derived"": [""\ud83d\udfe9 male_rate_other"", ""\ud83d\udfe9 male_rate_focal"", ""\ud83d\udfe9 relative_gender_ratio""], ""final_columns_leaf_spec_ids"": [""0b19368f446946c88a6895b646edb6ff"", ""b96e01e948a24a979ee2813f04862a56"", ""1bf5911565134848a6277f698bb8a53f""], ""column_rationales"": {}, ""interaction"": false, ""rationale"": """", ""on"": """", ""random_effect"": false, ""annotator"": null}, ""is_suited_to_cv"": ""Yes"", ""is_steps_reasonable"": ""Yes"", ""associated_tspec_ids"": [], ""state_col_val_hash"": null}",,,
be5d8be20b2c493b9db2a86b5b5bd687,,,,,,,"{""time_stamp"": ""06-11-2024 at 12:53:48 AM"", ""annotator_labeled"": false, ""annotator_label"": null, ""annotator_explanation"": ""this variable is hard to interpret. but okay to add mathematically. "", ""annotator_is_rationale_reasonable"": ""Unsure"", ""rationale"": ""The existing transformations have covered the proportion of males in the group, the difference in the number of males between the two groups, the difference in male to female ratio between the two groups, and the relative proportion of males in the total population. However, they haven't considered the interaction between the number of males and the total number of individuals in the group. We can create a new feature that represents the interaction between the number of males and the total number of individuals in the group. This new feature can provide additional information about the influence of the relative group size on the probability of winning."", ""annotator"": null, ""code"": ""df['male_interaction_focal'] = df['m_focal'] * df['n_focal']\ndf['male_interaction_other'] = df['m_other'] * df['n_other']\ndf['relative_male_interaction'] = df['male_interaction_focal'] - df[\n    'male_interaction_other']\n"", ""output_col"": ""relative_male_interaction"", ""associated_cvar_spec_id"": ""687fd3d1060f46c3808d2dd0b244526a"", ""associated_cvar_spec"": {""time_stamp"": null, ""tags"": [], ""read_only_tags"": [], ""is_negative"": false, ""variable_type"": ""IV"", ""concept"": ""Relative number of male in the group"", ""final_columns_derived_spec_ids"": [""0b19368f446946c88a6895b646edb6ff"", ""b96e01e948a24a979ee2813f04862a56"", ""6dc398eaea234ffea1f411e270e909c9"", ""533d5325cbbb4bf8ae7ae9d4414fd25b"", ""ROOT_SPEC_ID"", ""1bf5911565134848a6277f698bb8a53f""], ""final_columns_orig"": [], ""final_columns_derived"": [""\ud83d\udfe9 male_rate_other"", ""\ud83d\udfe9 male_rate_focal"", ""\ud83d\udfe9 relative_gender_ratio""], ""final_columns_leaf_spec_ids"": [""0b19368f446946c88a6895b646edb6ff"", ""b96e01e948a24a979ee2813f04862a56"", ""1bf5911565134848a6277f698bb8a53f""], ""column_rationales"": {}, ""interaction"": false, ""rationale"": """", ""on"": """", ""random_effect"": false, ""annotator"": null}, ""is_suited_to_cv"": ""Yes"", ""is_steps_reasonable"": ""Yes"", ""associated_tspec_ids"": [], ""state_col_val_hash"": null}",,,
7fe8a4a9024e40b2917b0e0fb92336a0,,,,,,,"{""time_stamp"": ""06-11-2024 at 12:53:48 AM"", ""annotator_labeled"": false, ""annotator_label"": null, ""annotator_explanation"": """", ""annotator_is_rationale_reasonable"": ""Yes"", ""rationale"": ""the higher the gender ratio, the more likely to win\nto make the magnitude of coefficients more comparable and potentially improve model convergence"", ""annotator"": null, ""code"": ""df['gender_ratio_focal'] = df['m_focal'] / df['f_focal']\ndf['gender_ratio_other'] = df['m_other'] / df['f_focal']\ndf['dist_focal_scaled'] = df['dist_focal'] / 100\ndf['dist_other_scaled'] = df['dist_other'] / 100\ndf['relative_group_size'] = df['n_focal'] - df['n_other']\ndf['relative_dist'] = df['dist_focal'] - df['dist_other']\ndf['relative_dist_scaled'] = df['dist_focal_scaled'] - df['dist_other_scaled']\ndf['relative_gender_ratio'] = df['gender_ratio_focal'] - df['gender_ratio_other']"", ""output_col"": ""relative_dist"", ""associated_cvar_spec_id"": ""1a45d4a4eb574fd8a81427af9aa3e676"", ""associated_cvar_spec"": {""time_stamp"": null, ""tags"": [], ""read_only_tags"": [], ""is_negative"": false, ""variable_type"": ""IV"", ""concept"": ""Relative contest distance from focal group"", ""final_columns_derived_spec_ids"": [""ab04a760171049f3a3969926ea0cb96f"", ""6dc398eaea234ffea1f411e270e909c9"", ""533d5325cbbb4bf8ae7ae9d4414fd25b"", ""ROOT_SPEC_ID"", ""1bf5911565134848a6277f698bb8a53f""], ""final_columns_orig"": [""\ud83d\udfe8 dist_focal""], ""final_columns_derived"": [""\ud83d\udfe9 relative_distance"", ""\ud83d\udfe9 relative_dist"", ""\ud83d\udfe9 relative_dist_scaled""], ""final_columns_leaf_spec_ids"": [""ab04a760171049f3a3969926ea0cb96f"", ""1bf5911565134848a6277f698bb8a53f"", ""1bf5911565134848a6277f698bb8a53f""], ""column_rationales"": {}, ""interaction"": false, ""rationale"": """", ""on"": """", ""random_effect"": false, ""annotator"": null}, ""is_suited_to_cv"": ""Yes"", ""is_steps_reasonable"": ""Yes"", ""associated_tspec_ids"": [""533d5325cbbb4bf8ae7ae9d4414fd25b"", ""6dc398eaea234ffea1f411e270e909c9"", ""1bf5911565134848a6277f698bb8a53f""], ""state_col_val_hash"": ""d1db557ace47ff09f9eb351f5072440d0cd6ec5ee3252ce188fd1aaabde9f6cf""}",,,
d01cb59eecf745539fae9f3e60c7f0ec,,,,,,,"{""time_stamp"": ""06-11-2024 at 12:53:48 AM"", ""annotator_labeled"": false, ""annotator_label"": null, ""annotator_explanation"": ""scale does not have impact on linear models result"", ""annotator_is_rationale_reasonable"": ""Yes"", ""rationale"": ""the higher the gender ratio, the more likely to win\nto make the magnitude of coefficients more comparable and potentially improve model convergence"", ""annotator"": null, ""code"": ""df['gender_ratio_focal'] = df['m_focal'] / df['f_focal']\ndf['gender_ratio_other'] = df['m_other'] / df['f_focal']\ndf['dist_focal_scaled'] = df['dist_focal'] / 100\ndf['dist_other_scaled'] = df['dist_other'] / 100\ndf['relative_group_size'] = df['n_focal'] - df['n_other']\ndf['relative_dist'] = df['dist_focal'] - df['dist_other']\ndf['relative_dist_scaled'] = df['dist_focal_scaled'] - df['dist_other_scaled']\ndf['relative_gender_ratio'] = df['gender_ratio_focal'] - df['gender_ratio_other']"", ""output_col"": ""relative_dist_scaled"", ""associated_cvar_spec_id"": ""1a45d4a4eb574fd8a81427af9aa3e676"", ""associated_cvar_spec"": {""time_stamp"": null, ""tags"": [], ""read_only_tags"": [], ""is_negative"": false, ""variable_type"": ""IV"", ""concept"": ""Relative contest distance from focal group"", ""final_columns_derived_spec_ids"": [""ab04a760171049f3a3969926ea0cb96f"", ""6dc398eaea234ffea1f411e270e909c9"", ""533d5325cbbb4bf8ae7ae9d4414fd25b"", ""ROOT_SPEC_ID"", ""1bf5911565134848a6277f698bb8a53f""], ""final_columns_orig"": [""\ud83d\udfe8 dist_focal""], ""final_columns_derived"": [""\ud83d\udfe9 relative_distance"", ""\ud83d\udfe9 relative_dist"", ""\ud83d\udfe9 relative_dist_scaled""], ""final_columns_leaf_spec_ids"": [""ab04a760171049f3a3969926ea0cb96f"", ""1bf5911565134848a6277f698bb8a53f"", ""1bf5911565134848a6277f698bb8a53f""], ""column_rationales"": {}, ""interaction"": false, ""rationale"": """", ""on"": """", ""random_effect"": false, ""annotator"": null}, ""is_suited_to_cv"": ""Yes"", ""is_steps_reasonable"": ""Yes"", ""associated_tspec_ids"": [""533d5325cbbb4bf8ae7ae9d4414fd25b"", ""6dc398eaea234ffea1f411e270e909c9"", ""1bf5911565134848a6277f698bb8a53f""], ""state_col_val_hash"": ""db9ec060f1ff24b6f22a8d27db10d660040396bacc89771c82a315792a8eab8b""}",,,
51bea38d09e2455491618874b2ff7fb2,,,,,,,"{""time_stamp"": ""06-11-2024 at 12:53:48 AM"", ""annotator_labeled"": false, ""annotator_label"": null, ""annotator_explanation"": """", ""annotator_is_rationale_reasonable"": ""Yes"", ""rationale"": ""the higher the gender ratio, the more likely to win\nto make the magnitude of coefficients more comparable and potentially improve model convergence"", ""annotator"": null, ""code"": ""df['gender_ratio_focal'] = df['m_focal'] / df['f_focal']\ndf['gender_ratio_other'] = df['m_other'] / df['f_focal']\ndf['dist_focal_scaled'] = df['dist_focal'] / 100\ndf['dist_other_scaled'] = df['dist_other'] / 100\ndf['relative_group_size'] = df['n_focal'] - df['n_other']\ndf['relative_dist'] = df['dist_focal'] - df['dist_other']\ndf['relative_dist_scaled'] = df['dist_focal_scaled'] - df['dist_other_scaled']\ndf['relative_gender_ratio'] = df['gender_ratio_focal'] - df['gender_ratio_other']"", ""output_col"": ""relative_gender_ratio"", ""associated_cvar_spec_id"": ""687fd3d1060f46c3808d2dd0b244526a"", ""associated_cvar_spec"": {""time_stamp"": null, ""tags"": [], ""read_only_tags"": [], ""is_negative"": false, ""variable_type"": ""IV"", ""concept"": ""Relative number of male in the group"", ""final_columns_derived_spec_ids"": [""0b19368f446946c88a6895b646edb6ff"", ""b96e01e948a24a979ee2813f04862a56"", ""6dc398eaea234ffea1f411e270e909c9"", ""533d5325cbbb4bf8ae7ae9d4414fd25b"", ""ROOT_SPEC_ID"", ""1bf5911565134848a6277f698bb8a53f""], ""final_columns_orig"": [], ""final_columns_derived"": [""\ud83d\udfe9 male_rate_other"", ""\ud83d\udfe9 male_rate_focal"", ""\ud83d\udfe9 relative_gender_ratio""], ""final_columns_leaf_spec_ids"": [""0b19368f446946c88a6895b646edb6ff"", ""b96e01e948a24a979ee2813f04862a56"", ""1bf5911565134848a6277f698bb8a53f""], ""column_rationales"": {}, ""interaction"": false, ""rationale"": """", ""on"": """", ""random_effect"": false, ""annotator"": null}, ""is_suited_to_cv"": ""Yes"", ""is_steps_reasonable"": ""Yes"", ""associated_tspec_ids"": [""533d5325cbbb4bf8ae7ae9d4414fd25b"", ""6dc398eaea234ffea1f411e270e909c9"", ""1bf5911565134848a6277f698bb8a53f""], ""state_col_val_hash"": ""01e5e70708bd39788cc2d8711558e107040b5b6241ea844d4a404b4edb0addb4""}",,,
d1f02394c54e46de8058a8895c07b277,,,,,,,"{""time_stamp"": ""06-11-2024 at 12:53:48 AM"", ""annotator_labeled"": false, ""annotator_label"": null, ""annotator_explanation"": ""Code was using the other group"", ""annotator_is_rationale_reasonable"": ""No"", ""rationale"": """", ""annotator"": null, ""code"": ""df['male_rate_focal'] = df['m_other'] / df['n_other']"", ""output_col"": ""male_rate_focal"", ""associated_cvar_spec_id"": ""687fd3d1060f46c3808d2dd0b244526a"", ""associated_cvar_spec"": {""time_stamp"": null, ""tags"": [], ""read_only_tags"": [], ""is_negative"": false, ""variable_type"": ""IV"", ""concept"": ""Relative number of male in the group"", ""final_columns_derived_spec_ids"": [""0b19368f446946c88a6895b646edb6ff"", ""b96e01e948a24a979ee2813f04862a56"", ""6dc398eaea234ffea1f411e270e909c9"", ""533d5325cbbb4bf8ae7ae9d4414fd25b"", ""ROOT_SPEC_ID"", ""1bf5911565134848a6277f698bb8a53f""], ""final_columns_orig"": [], ""final_columns_derived"": [""\ud83d\udfe9 male_rate_other"", ""\ud83d\udfe9 male_rate_focal"", ""\ud83d\udfe9 relative_gender_ratio""], ""final_columns_leaf_spec_ids"": [""0b19368f446946c88a6895b646edb6ff"", ""b96e01e948a24a979ee2813f04862a56"", ""1bf5911565134848a6277f698bb8a53f""], ""column_rationales"": {}, ""interaction"": false, ""rationale"": """", ""on"": """", ""random_effect"": false, ""annotator"": null}, ""is_suited_to_cv"": ""Yes"", ""is_steps_reasonable"": ""No"", ""associated_tspec_ids"": [""b96e01e948a24a979ee2813f04862a56""], ""state_col_val_hash"": ""23286884bf29867a64d7e572df8c0da39abcfe8e0bb9660d1c939412d1fd7e56""}",,,
a9b032ea756849569e9e7ba746d683dc,,,,,,,"{""time_stamp"": ""06-11-2024 at 12:53:48 AM"", ""annotator_labeled"": false, ""annotator_label"": null, ""annotator_explanation"": """", ""annotator_is_rationale_reasonable"": ""Yes"", ""rationale"": """", ""annotator"": null, ""code"": ""df['male_rate_other'] = df['m_other'] / df['n_other']"", ""output_col"": ""male_rate_other"", ""associated_cvar_spec_id"": ""687fd3d1060f46c3808d2dd0b244526a"", ""associated_cvar_spec"": {""time_stamp"": null, ""tags"": [], ""read_only_tags"": [], ""is_negative"": false, ""variable_type"": ""IV"", ""concept"": ""Relative number of male in the group"", ""final_columns_derived_spec_ids"": [""0b19368f446946c88a6895b646edb6ff"", ""b96e01e948a24a979ee2813f04862a56"", ""6dc398eaea234ffea1f411e270e909c9"", ""533d5325cbbb4bf8ae7ae9d4414fd25b"", ""ROOT_SPEC_ID"", ""1bf5911565134848a6277f698bb8a53f""], ""final_columns_orig"": [], ""final_columns_derived"": [""\ud83d\udfe9 male_rate_other"", ""\ud83d\udfe9 male_rate_focal"", ""\ud83d\udfe9 relative_gender_ratio""], ""final_columns_leaf_spec_ids"": [""0b19368f446946c88a6895b646edb6ff"", ""b96e01e948a24a979ee2813f04862a56"", ""1bf5911565134848a6277f698bb8a53f""], ""column_rationales"": {}, ""interaction"": false, ""rationale"": """", ""on"": """", ""random_effect"": false, ""annotator"": null}, ""is_suited_to_cv"": ""Yes"", ""is_steps_reasonable"": ""Yes"", ""associated_tspec_ids"": [""0b19368f446946c88a6895b646edb6ff""], ""state_col_val_hash"": ""23286884bf29867a64d7e572df8c0da39abcfe8e0bb9660d1c939412d1fd7e56""}",,,
6f6e5a957f2f4302a526ff1f6a6f979c,,,"{""time_stamp"": ""06-10-2024 at 09:52:32 PM"", ""tags"": [], ""read_only_tags"": [], ""is_negative"": false, ""specification"": ""calculate relative distance of two group"", ""spec_name"": ""relative_distance_diff"", ""trans_verb"": [""derive""], ""code"": ""df['relative_distance'] = df['dist_focal'] - df['dist_other']\n"", ""rationale"": """", ""conditions"": """", ""input_cols_to_output_col_mapping"": [[[""dist_other"", ""dist_focal""], ""relative_distance""]], ""branches"": [{""dependencies"": [""ROOT_SPEC_ID""], ""condition"": """"}], ""annotator"": null}",,,,,,,
93ccc7ae4a254451b4cc1181c1853b3e,,,"{""time_stamp"": ""06-10-2024 at 09:55:14 PM"", ""tags"": [], ""read_only_tags"": [], ""is_negative"": false, ""specification"": ""ratio of the two distance "", ""spec_name"": ""relative_distance_ratio"", ""trans_verb"": [""derive""], ""code"": ""df['relative_distance_ratio'] = df['dist_focal'] /df['dist_other']\n"", ""rationale"": """", ""conditions"": """", ""input_cols_to_output_col_mapping"": [[[""dist_other"", ""dist_focal""], ""relative_distance_ratio""]], ""branches"": [{""dependencies"": [""ROOT_SPEC_ID""], ""condition"": """"}], ""annotator"": null}",,,,,,,
77ccca4d358849e6bc8b4de3930708e0,,"{""time_stamp"": ""06-11-2024 at 12:31:01 AM"", ""tags"": [], ""read_only_tags"": [], ""is_negative"": false, ""variable_type"": ""IV"", ""concept"": ""Relative Contest Location"", ""final_columns_derived_spec_ids"": [""6f6e5a957f2f4302a526ff1f6a6f979c"", ""93ccc7ae4a254451b4cc1181c1853b3e"", ""4224b32b461a428a809eed51c5c06634"", ""7658419231b84d97a484dfb2d8546f28"", ""ROOT_SPEC_ID""], ""final_columns_orig"": [], ""final_columns_derived"": [""\ud83d\udfe9 relative_distance_ratio"", ""\ud83d\udfe9 relative_distance"", ""\ud83d\udfe9 relative_distance_percentage"", ""\ud83d\udfe9 log_distance_ratio""], ""final_columns_leaf_spec_ids"": [""93ccc7ae4a254451b4cc1181c1853b3e"", ""6f6e5a957f2f4302a526ff1f6a6f979c"", ""4224b32b461a428a809eed51c5c06634"", ""7658419231b84d97a484dfb2d8546f28""], ""column_rationales"": {""\ud83d\udfe9 relative_distance_ratio"": ""ratio of two distances."", ""\ud83d\udfe9 relative_distance"": ""diff of two distances"", ""\ud83d\udfe9 relative_distance_percentage"": ""relative distance of the focal distance compared to the overall "", ""\ud83d\udfe9 log_distance_ratio"": ""diff of log distance""}, ""interaction"": false, ""rationale"": ""We can calculate the difference or ratio of the contest location of focal and other group"", ""on"": """", ""random_effect"": false, ""annotator"": null}",,,,,,,,
9bb41b3a71de4964a0e66b00e24451d7,,,"{""time_stamp"": ""06-10-2024 at 10:02:52 PM"", ""tags"": [], ""read_only_tags"": [], ""is_negative"": false, ""specification"": ""male ratio of focal group"", ""spec_name"": ""calc_male_rate_focal"", ""trans_verb"": [""derive""], ""code"": ""df['male_rate_focal'] = df['m_focal']/df['n_focal']\n"", ""rationale"": ""gender effect"", ""conditions"": """", ""input_cols_to_output_col_mapping"": [[[""m_focal"", ""n_focal""], ""male_rate_focal""]], ""branches"": [{""dependencies"": [""ROOT_SPEC_ID""], ""condition"": """"}], ""annotator"": null}",,,,,,,
4911b84dfaec4d08bfec8b837bf939f8,,,"{""time_stamp"": ""06-10-2024 at 10:07:48 PM"", ""tags"": [], ""read_only_tags"": [], ""is_negative"": false, ""specification"": ""calculate male rate for the other group"", ""spec_name"": ""calc_male_rate_other"", ""trans_verb"": [""derive""], ""code"": ""df['male_rate_other'] = df['m_other']/df['n_other']"", ""rationale"": """", ""conditions"": """", ""input_cols_to_output_col_mapping"": [[[""n_other"", ""m_other""], ""male_rate_other""]], ""branches"": [{""dependencies"": [""ROOT_SPEC_ID""], ""condition"": """"}], ""annotator"": null}",,,,,,,
2b80ac7ac8d744f88db4a4afaf9de434,,"{""time_stamp"": ""06-10-2024 at 11:46:32 PM"", ""tags"": [], ""read_only_tags"": [], ""is_negative"": false, ""variable_type"": ""Control"", ""concept"": ""Relative number of male in the focal group"", ""final_columns_derived_spec_ids"": [""99d28fe8c4a54edd95333a3df35bb64f"", ""ROOT_SPEC_ID"", ""e6b6ab417d6149328450171f2f471652"", ""9bb41b3a71de4964a0e66b00e24451d7""], ""final_columns_orig"": [], ""final_columns_derived"": [""\ud83d\udfe9 male_rate_focal"", ""\ud83d\udfe9 gender_ratio_focal"", ""\ud83d\udfe9 gender_ratio_focal_fm""], ""final_columns_leaf_spec_ids"": [""9bb41b3a71de4964a0e66b00e24451d7"", ""99d28fe8c4a54edd95333a3df35bb64f"", ""e6b6ab417d6149328450171f2f471652""], ""column_rationales"": {""\ud83d\udfe9 male_rate_focal"": ""male percentage of focal group"", ""\ud83d\udfe9 male_rate_other"": ""male percentage of other group"", ""\ud83d\udfe9 gender_ratio_focal"": ""gender ratio in focal group"", ""\ud83d\udfe9 gender_ratio_other"": ""gender ratio in other group"", ""\ud83d\udfe9 gender_ratio_focal_fm"": ""gender ratio in focal group""}, ""interaction"": false, ""rationale"": ""Sex might be a important factor affecting win rate"", ""on"": """", ""random_effect"": false, ""annotator"": null}",,,,,,,,
99d28fe8c4a54edd95333a3df35bb64f,,,"{""time_stamp"": ""06-10-2024 at 10:18:48 PM"", ""tags"": [], ""read_only_tags"": [], ""is_negative"": false, ""specification"": ""gender ratio of focal group"", ""spec_name"": ""gender_ratio_focal"", ""trans_verb"": [""derive""], ""code"": ""df['gender_ratio_focal'] = df['m_focal'] / df['f_focal']"", ""rationale"": """", ""conditions"": """", ""input_cols_to_output_col_mapping"": [[[""m_focal"", ""f_focal""], ""gender_ratio_focal""]], ""branches"": [{""dependencies"": [""ROOT_SPEC_ID""], ""condition"": """"}], ""annotator"": null}",,,,,,,
2a4b8ae150b14c0183100edcbcd6a204,,,"{""time_stamp"": ""06-10-2024 at 10:20:08 PM"", ""tags"": [], ""read_only_tags"": [], ""is_negative"": false, ""specification"": ""gender ratio of other group"", ""spec_name"": ""gender_ratio_other"", ""trans_verb"": [""derive""], ""code"": ""df['gender_ratio_other'] = df['m_other'] / df['f_other']\n"", ""rationale"": """", ""conditions"": """", ""input_cols_to_output_col_mapping"": [[[""f_other"", ""m_other""], ""gender_ratio_other""]], ""branches"": [{""dependencies"": [""ROOT_SPEC_ID""], ""condition"": """"}], ""annotator"": null}",,,,,,,
7658419231b84d97a484dfb2d8546f28,,,"{""time_stamp"": ""06-10-2024 at 10:41:06 PM"", ""tags"": [], ""read_only_tags"": [], ""is_negative"": false, ""specification"": ""we can take diff of the log distance"", ""spec_name"": ""relative_distance_log"", ""trans_verb"": [""derive""], ""code"": ""import numpy as np\ndf['log_distance_ratio'] = np.log(df['dist_focal'] / df['dist_other'])\n"", ""rationale"": """", ""conditions"": """", ""input_cols_to_output_col_mapping"": [[[""dist_other"", ""dist_focal""], ""log_distance_ratio""]], ""branches"": [{""dependencies"": [""ROOT_SPEC_ID""], ""condition"": """"}], ""annotator"": null}",,,,,,,
abab409f820d4f338ad4a60e64e741a1,,,"{""time_stamp"": ""06-10-2024 at 10:43:32 PM"", ""tags"": [], ""read_only_tags"": [], ""is_negative"": false, ""specification"": ""diff of gender ratio across two group"", ""spec_name"": ""relative_gender_ratio"", ""trans_verb"": [""derive""], ""code"": ""df['relative_gender_ratio'] = df['gender_ratio_focal'] - df['gender_ratio_other']\n"", ""rationale"": """", ""conditions"": """", ""input_cols_to_output_col_mapping"": [[[""gender_ratio_other"", ""gender_ratio_focal""], ""relative_gender_ratio""]], ""branches"": [{""dependencies"": [""99d28fe8c4a54edd95333a3df35bb64f"", ""2a4b8ae150b14c0183100edcbcd6a204""], ""condition"": """"}], ""annotator"": null}",,,,,,,
b0236c60e963490e8bf1a49fdc418e1f,,,"{""time_stamp"": ""06-10-2024 at 10:45:48 PM"", ""tags"": [], ""read_only_tags"": [], ""is_negative"": false, ""specification"": ""relative male ratio between two groups"", ""spec_name"": ""relative_male_rate"", ""trans_verb"": [""derive""], ""code"": ""df['relative_male_rate'] = df['male_rate_focal'] - df['male_rate_other']\n"", ""rationale"": """", ""conditions"": """", ""input_cols_to_output_col_mapping"": [[[""male_rate_other"", ""male_rate_focal""], ""relative_male_rate""]], ""branches"": [{""dependencies"": [""9bb41b3a71de4964a0e66b00e24451d7"", ""4911b84dfaec4d08bfec8b837bf939f8""], ""condition"": """"}], ""annotator"": null}",,,,,,,
698af69defb94632b357732dec715de2,,"{""time_stamp"": ""06-10-2024 at 10:47:33 PM"", ""tags"": [], ""read_only_tags"": [], ""is_negative"": false, ""variable_type"": ""Control"", ""concept"": ""Relative difference in gender distribution"", ""final_columns_derived_spec_ids"": [""b0236c60e963490e8bf1a49fdc418e1f"", ""2a4b8ae150b14c0183100edcbcd6a204"", ""4911b84dfaec4d08bfec8b837bf939f8"", ""abab409f820d4f338ad4a60e64e741a1"", ""99d28fe8c4a54edd95333a3df35bb64f"", ""9bb41b3a71de4964a0e66b00e24451d7"", ""ROOT_SPEC_ID""], ""final_columns_orig"": [], ""final_columns_derived"": [""\ud83d\udfe9 relative_male_rate"", ""\ud83d\udfe9 relative_gender_ratio""], ""final_columns_leaf_spec_ids"": [""b0236c60e963490e8bf1a49fdc418e1f"", ""abab409f820d4f338ad4a60e64e741a1""], ""column_rationales"": {""\ud83d\udfe9 relative_male_rate"": ""difference between male rate "", ""\ud83d\udfe9 relative_gender_ratio"": ""difference between gender ratios""}, ""interaction"": false, ""rationale"": ""Gender might be an important factor determining win rate. Instead of including the gender percentage of individual group, this variable consider the difference "", ""on"": """", ""random_effect"": false, ""annotator"": null}",,,,,,,,
4224b32b461a428a809eed51c5c06634,,,"{""time_stamp"": ""06-10-2024 at 10:56:50 PM"", ""tags"": [], ""read_only_tags"": [], ""is_negative"": false, ""specification"": ""relative_distance_percentage with respect to the total"", ""spec_name"": ""relative_distance_percentage"", ""trans_verb"": [""derive""], ""code"": ""df['relative_distance_percentage'] = df['dist_focal'] / (df['dist_focal'] +         df['dist_other'])\n"", ""rationale"": """", ""conditions"": """", ""input_cols_to_output_col_mapping"": [[[""dist_other"", ""dist_focal""], ""relative_distance_percentage""]], ""branches"": [{""dependencies"": [""ROOT_SPEC_ID""], ""condition"": """"}], ""annotator"": null}",,,,,,,
dc94d30497ab42ed9909b6de37e5fb60,,"{""time_stamp"": ""06-10-2024 at 11:46:54 PM"", ""tags"": [], ""read_only_tags"": [], ""is_negative"": false, ""variable_type"": ""Control"", ""concept"": ""Relative number of male in the other group"", ""final_columns_derived_spec_ids"": [""429e42907bbe486da3c097fef20052d5"", ""2a4b8ae150b14c0183100edcbcd6a204"", ""4911b84dfaec4d08bfec8b837bf939f8""], ""final_columns_orig"": [], ""final_columns_derived"": [""\ud83d\udfe9 male_rate_other"", ""\ud83d\udfe9 gender_ratio_other"", ""\ud83d\udfe9 gender_ratio_other_fm""], ""final_columns_leaf_spec_ids"": [""4911b84dfaec4d08bfec8b837bf939f8"", ""2a4b8ae150b14c0183100edcbcd6a204"", ""429e42907bbe486da3c097fef20052d5""], ""column_rationales"": {""\ud83d\udfe9 male_rate_other"": ""male rates in other group"", ""\ud83d\udfe9 gender_ratio_other"": ""gender ratio in other group "", ""\ud83d\udfe9 gender_ratio_other_fm"": ""gender ratio in other group ""}, ""interaction"": false, ""rationale"": ""Sex might be a important factor affecting win rate - this one focus on the number for other group"", ""on"": """", ""random_effect"": false, ""annotator"": null}",,,,,,,,
e9b232f08f9a425a8ee5c9e3e12d07b4,,,,"{""time_stamp"": ""06-12-2024 at 09:32:29 PM"", ""tags"": [], ""read_only_tags"": [], ""is_negative"": false, ""specification"": ""Logistic Regression"", ""spec_name"": ""logistic_regression"", ""rationale"": """", ""dependencies"": [], ""code"": ""import statsmodels.formula.api as smf\nLR_model = smf.logit('win ~ relative_size_ratio * relative_distance_ratio + gender_ratio_focal + gender_ratio_other', data=df)\nresult_LR_mdoel = LR_model .fit()\nresult_LR_mdoel.summary()"", ""associated_columns_derived_spec_ids"": [""ecce85958fe741939b135576511c798a"", ""6f6e5a957f2f4302a526ff1f6a6f979c"", ""ROOT_SPEC_ID"", ""99d28fe8c4a54edd95333a3df35bb64f"", ""2a4b8ae150b14c0183100edcbcd6a204""], ""associated_columns_orig"": [""\ud83d\udfe8 win""], ""associated_columns_derived"": [""\ud83d\udfe9 gender_ratio_focal"", ""\ud83d\udfe9 relative_size_diff"", ""\ud83d\udfe9 relative_distance"", ""\ud83d\udfe9 gender_ratio_other""], ""associated_columns_leaf_spec_ids"": [""99d28fe8c4a54edd95333a3df35bb64f"", ""ecce85958fe741939b135576511c798a"", ""6f6e5a957f2f4302a526ff1f6a6f979c"", ""2a4b8ae150b14c0183100edcbcd6a204""], ""associated_specified_spec_ids"": [], ""annotator"": null}",,,,,,
429e42907bbe486da3c097fef20052d5,,,"{""time_stamp"": ""06-10-2024 at 11:31:18 PM"", ""tags"": [], ""read_only_tags"": [], ""is_negative"": false, ""specification"": ""female to male ratio in other group"", ""spec_name"": ""gender_ratio_other_fm"", ""trans_verb"": [""derive""], ""code"": ""df['gender_ratio_other_fm'] = df['f_other']/ df['m_other'] \n"", ""rationale"": """", ""conditions"": """", ""input_cols_to_output_col_mapping"": [[[""f_other"", ""m_other""], ""gender_ratio_other_fm""]], ""branches"": [{""dependencies"": [""ROOT_SPEC_ID""], ""condition"": """"}], ""annotator"": null}",,,,,,,
e6b6ab417d6149328450171f2f471652,,,"{""time_stamp"": ""06-10-2024 at 11:33:49 PM"", ""tags"": [], ""read_only_tags"": [], ""is_negative"": false, ""specification"": ""female to male ration in focal group"", ""spec_name"": ""gender_ratio_focal_fm"", ""trans_verb"": [""derive""], ""code"": ""df['gender_ratio_focal_fm'] = df['f_focal']/ df['m_focal'] \n"", ""rationale"": """", ""conditions"": """", ""input_cols_to_output_col_mapping"": [[[""f_focal"", ""m_focal""], ""gender_ratio_focal_fm""]], ""branches"": [{""dependencies"": [""ROOT_SPEC_ID""], ""condition"": """"}], ""annotator"": null}",,,,,,,
9e4a128366da45e89b19fcbc9f50b10f,,,,"{""time_stamp"": ""06-12-2024 at 09:32:05 PM"", ""tags"": [], ""read_only_tags"": [], ""is_negative"": false, ""specification"": ""Logistic Regression"", ""spec_name"": ""logistic_regression"", ""rationale"": ""We can start a simple logistic regression to analyze the RQ "", ""dependencies"": [], ""code"": ""import statsmodels.formula.api as smf\nLR_model = smf.logit('win ~ relative_size_diff * dist_focal + relative_male_rate', data=df)\nresult_LR_mdoel = LR_model .fit()\nresult_LR_mdoel.summary()"", ""associated_columns_derived_spec_ids"": [""ecce85958fe741939b135576511c798a"", ""b0236c60e963490e8bf1a49fdc418e1f"", ""ROOT_SPEC_ID"", ""9bb41b3a71de4964a0e66b00e24451d7"", ""4911b84dfaec4d08bfec8b837bf939f8""], ""associated_columns_orig"": [""\ud83d\udfe8 dist_focal"", ""\ud83d\udfe8 win""], ""associated_columns_derived"": [""\ud83d\udfe9 relative_size_diff"", ""\ud83d\udfe9 relative_male_rate""], ""associated_columns_leaf_spec_ids"": [""ecce85958fe741939b135576511c798a"", ""b0236c60e963490e8bf1a49fdc418e1f""], ""associated_specified_spec_ids"": [], ""annotator"": null}",,,,,,
f9de1e99806947a8bae53bd5d2d3c466,,,,"{""time_stamp"": ""06-11-2024 at 12:28:38 AM"", ""tags"": [], ""read_only_tags"": [], ""is_negative"": false, ""specification"": ""GEE Logistic regression "", ""spec_name"": ""gee_logistic_regression"", ""rationale"": ""Logistic regression is suitable for binary outcome"", ""dependencies"": [], ""code"": ""formula = 'win ~ relative_size_diff + relative_distance + male_rate_focal + male_rate_other'\nmodel = smf.gee(formula, groups=df['dyad'], data=df, family=sm.families.Binomial() ).fit()\n\n"", ""associated_columns_derived_spec_ids"": [""6f6e5a957f2f4302a526ff1f6a6f979c"", ""4911b84dfaec4d08bfec8b837bf939f8"", ""9bb41b3a71de4964a0e66b00e24451d7"", ""ROOT_SPEC_ID"", ""ecce85958fe741939b135576511c798a""], ""associated_columns_orig"": [""\ud83d\udfe8 dyad"", ""\ud83d\udfe8 win""], ""associated_columns_derived"": [""\ud83d\udfe9 relative_size_diff"", ""\ud83d\udfe9 relative_distance"", ""\ud83d\udfe9 male_rate_focal"", ""\ud83d\udfe9 male_rate_other""], ""associated_columns_leaf_spec_ids"": [""ecce85958fe741939b135576511c798a"", ""6f6e5a957f2f4302a526ff1f6a6f979c"", ""9bb41b3a71de4964a0e66b00e24451d7"", ""4911b84dfaec4d08bfec8b837bf939f8""], ""associated_specified_spec_ids"": [], ""annotator"": null}",,,,,,
7ce4bc86530a4dd3a8a6415918c0ae96,,,,"{""time_stamp"": ""06-11-2024 at 12:25:47 AM"", ""tags"": [], ""read_only_tags"": [], ""is_negative"": false, ""specification"": ""Logistic Regression "", ""spec_name"": ""logistic_regression"", ""rationale"": ""the outcome is a binary variable and multiple predictors are of interest"", ""dependencies"": [], ""code"": ""import statsmodels.api as sm\n\nX_reduced = data[['relative_size_diff', 'relative_distance', 'relative_gender_ratio']]\nX_reduced = sm.add_constant(X_reduced)  # Add constant term for intercept\ny = data['win']\n\n# Fit the logistic regression model\nlogit_model_reduced = sm.Logit(y, X_reduced)\nresult_reduced = logit_model_reduced.fit()\n\n# Display the summary of the logistic regression model\nprint(result_reduced.summary())"", ""associated_columns_derived_spec_ids"": [""6f6e5a957f2f4302a526ff1f6a6f979c"", ""2a4b8ae150b14c0183100edcbcd6a204"", ""abab409f820d4f338ad4a60e64e741a1"", ""99d28fe8c4a54edd95333a3df35bb64f"", ""ROOT_SPEC_ID"", ""ecce85958fe741939b135576511c798a""], ""associated_columns_orig"": [""\ud83d\udfe8 win""], ""associated_columns_derived"": [""\ud83d\udfe9 relative_size_diff"", ""\ud83d\udfe9 relative_distance"", ""\ud83d\udfe9 relative_gender_ratio""], ""associated_columns_leaf_spec_ids"": [""ecce85958fe741939b135576511c798a"", ""6f6e5a957f2f4302a526ff1f6a6f979c"", ""abab409f820d4f338ad4a60e64e741a1""], ""associated_specified_spec_ids"": [], ""annotator"": null}",,,,,,
990ccb1f5535438393351c4c4b366e76,,,,"{""time_stamp"": ""06-12-2024 at 09:31:44 PM"", ""tags"": [], ""read_only_tags"": [], ""is_negative"": false, ""specification"": ""Logistic Regression"", ""spec_name"": ""logistic_regression"", ""rationale"": """", ""dependencies"": [], ""code"": ""import statsmodels.formula.api as smf\nLR_model = smf.logit('win ~ relative_size_diff *log_distance_ratio', data=df)\nresult_LR_mdoel = LR_model .fit()\nresult_LR_mdoel.summary()"", ""associated_columns_derived_spec_ids"": [""7658419231b84d97a484dfb2d8546f28"", ""ecce85958fe741939b135576511c798a""], ""associated_columns_orig"": [""\ud83d\udfe8 win""], ""associated_columns_derived"": [""\ud83d\udfe9 relative_size_diff"", ""\ud83d\udfe9 log_distance_ratio""], ""associated_columns_leaf_spec_ids"": [""ecce85958fe741939b135576511c798a"", ""7658419231b84d97a484dfb2d8546f28""], ""associated_specified_spec_ids"": [], ""annotator"": null}",,,,,,
e0ca0b77db98409b916fe5defa7316af,,,,"{""time_stamp"": ""06-12-2024 at 09:31:30 PM"", ""tags"": [], ""read_only_tags"": [], ""is_negative"": false, ""specification"": ""Logistic Regression"", ""spec_name"": ""logistic_regression"", ""rationale"": ""Logistic Regression"", ""dependencies"": [], ""code"": ""import statsmodels.formula.api as smf\nLR_model = smf.logit('win ~ relative_size_ratio * relative_distance_ratio + gender_ratio_focal_fm + gender_ratio_other_fm', data=df)\nresult_LR_mdoel = LR_model .fit()\nresult_LR_mdoel.summary()"", ""associated_columns_derived_spec_ids"": [""93ccc7ae4a254451b4cc1181c1853b3e"", ""e6b6ab417d6149328450171f2f471652"", ""429e42907bbe486da3c097fef20052d5"", ""6bebacdbf906483fafc1b3f664778f00""], ""associated_columns_orig"": [""\ud83d\udfe8 win""], ""associated_columns_derived"": [""\ud83d\udfe9 gender_ratio_focal_fm"", ""\ud83d\udfe9 gender_ratio_other_fm"", ""\ud83d\udfe9 relative_size_ratio"", ""\ud83d\udfe9 relative_distance_ratio""], ""associated_columns_leaf_spec_ids"": [""e6b6ab417d6149328450171f2f471652"", ""429e42907bbe486da3c097fef20052d5"", ""6bebacdbf906483fafc1b3f664778f00"", ""93ccc7ae4a254451b4cc1181c1853b3e""], ""associated_specified_spec_ids"": [], ""annotator"": null}",,,,,,
35914ecc36714ddda615b4fc0fc2f5d7,,,,"{""time_stamp"": ""06-12-2024 at 09:14:22 PM"", ""tags"": [], ""read_only_tags"": [], ""is_negative"": false, ""specification"": ""GEE Logistic regression "", ""spec_name"": ""gee_logistic_regression"", ""rationale"": ""GEE logistic regression has less stringent assumption"", ""dependencies"": [], ""code"": ""gee_model_combined = smf.gee('win ~ relative_size _diff* relative_distance_percentage', groups='dyad', data=df, family=sm.families.Binomial())\nresult_gee_combined = gee_model_combined.fit()"", ""associated_columns_derived_spec_ids"": [""4224b32b461a428a809eed51c5c06634"", ""ecce85958fe741939b135576511c798a""], ""associated_columns_orig"": [""\ud83d\udfe8 win"", ""\ud83d\udfe8 dyad""], ""associated_columns_derived"": [""\ud83d\udfe9 relative_distance_percentage"", ""\ud83d\udfe9 relative_size_diff""], ""associated_columns_leaf_spec_ids"": [""4224b32b461a428a809eed51c5c06634"", ""ecce85958fe741939b135576511c798a""], ""associated_specified_spec_ids"": [], ""annotator"": null}",,,,,,